V1,V6,V10,V12,V13,V14,V15,label
56,401.0,20,26.0,1,-1.0,0,0
37,2642.0,25,591.0,3,-1.0,0,0
64,588.0,16,574.0,1,179.0,3,1
45,396.0,17,266.0,4,-1.0,0,0
32,1271.0,20,51.0,1,-1.0,0,0
44,532.0,16,141.0,2,-1.0,0,0
44,624.0,14,552.0,2,-1.0,0,1
34,899.0,9,627.0,2,141.0,7,0
24,53.0,28,226.0,1,-1.0,0,0
57,363.0,25,195.0,6,-1.0,0,0
39,0.0,22,864.0,4,-1.0,0,1
32,781.0,20,305.0,1,-1.0,0,0
57,2038.0,9,628.0,1,182.0,2,1
43,3049.0,28,383.0,2,-1.0,0,0
56,72.0,7,263.0,1,357.0,4,0
32,438.0,21,318.0,5,-1.0,0,0
40,2854.0,18,354.0,2,169.0,1,0
47,290.0,22,1352.0,2,-1.0,0,1
31,2929.0,20,237.0,3,150.0,3,0
29,887.0,4,343.0,1,-1.0,0,0
55,387.0,6,918.0,1,-1.0,0,1
30,536.0,15,244.0,1,105.0,1,1
27,372.0,25,728.0,2,-1.0,0,1
49,0.0,3,51.0,9,-1.0,0,0
39,2939.0,6,608.0,1,99.0,3,1
37,189.0,16,162.0,2,-1.0,0,1
38,238.0,4,139.0,1,92.0,3,1
33,752.0,11,104.0,4,-1.0,0,0
52,-779.0,17,709.0,1,-1.0,0,1
55,19.0,16,56.0,3,-1.0,0,0
60,12039.0,12,261.0,1,187.0,1,1
37,141.0,6,848.0,1,364.0,3,1
39,0.0,20,286.0,4,-1.0,0,0
54,2206.0,11,449.0,1,91.0,3,1
38,2454.0,14,373.0,2,-1.0,0,0
33,543.0,7,244.0,2,-1.0,0,0
47,2306.0,6,239.0,4,-1.0,0,1
59,0.0,5,812.0,1,-1.0,0,1
58,1257.0,5,1536.0,1,-1.0,0,1
36,107.0,31,134.0,2,-1.0,0,0
50,71.0,6,678.0,1,-1.0,0,0
27,1187.0,26,232.0,1,101.0,1,1
60,2408.0,20,102.0,4,-1.0,0,0
57,9103.0,20,1098.0,2,-1.0,0,1
30,277.0,8,166.0,1,42.0,1,0
44,712.0,6,740.0,3,-1.0,0,1
48,1949.0,13,683.0,2,-1.0,0,1
52,1416.0,10,436.0,2,182.0,1,1
46,624.0,18,420.0,1,276.0,1,1
36,1177.0,15,330.0,1,311.0,4,1
34,1076.0,8,70.0,2,-1.0,0,0
32,2016.0,13,232.0,1,348.0,1,1
25,-559.0,14,189.0,3,-1.0,0,0
49,-471.0,20,77.0,3,185.0,7,0
25,715.0,26,217.0,1,-1.0,0,0
30,399.0,20,282.0,2,-1.0,0,0
36,72.0,8,80.0,1,-1.0,0,0
32,252.0,25,148.0,4,-1.0,0,0
60,979.0,15,295.0,3,347.0,1,1
70,2575.0,20,216.0,2,-1.0,0,1
35,366.0,29,480.0,9,-1.0,0,0
54,2693.0,22,222.0,1,188.0,6,1
28,113.0,13,204.0,3,105.0,1,1
41,1020.0,19,882.0,1,-1.0,0,1
35,31.0,19,131.0,3,133.0,3,0
31,-309.0,26,269.0,1,-1.0,0,0
31,4041.0,30,1034.0,2,-1.0,0,1
32,1905.0,16,709.0,2,-1.0,0,1
45,1971.0,21,182.0,3,-1.0,0,0
43,667.0,7,228.0,3,-1.0,0,0
31,1979.0,6,1205.0,1,-1.0,0,1
22,216.0,6,178.0,1,179.0,2,1
33,7.0,20,203.0,1,-1.0,0,0
31,98.0,12,159.0,3,-1.0,0,0
36,12.0,12,587.0,2,-1.0,0,1
35,11.0,25,294.0,1,-1.0,0,0
57,2112.0,12,1134.0,2,-1.0,0,1
38,2467.0,2,192.0,1,-1.0,0,1
32,-46.0,18,1373.0,4,-1.0,0,1
60,957.0,8,246.0,1,184.0,3,1
26,620.0,17,104.0,1,-1.0,0,1
59,1.0,19,335.0,1,-1.0,0,1
33,1697.0,3,179.0,1,-1.0,0,1
32,4612.0,24,937.0,4,-1.0,0,0
45,4466.0,3,110.0,1,-1.0,0,0
43,3186.0,16,380.0,1,88.0,1,1
27,12956.0,29,789.0,3,-1.0,0,1
32,0.0,13,440.0,2,-1.0,0,1
44,148.0,6,211.0,1,-1.0,0,0
30,270.0,30,437.0,1,80.0,1,1
45,226.0,15,91.0,4,185.0,6,1
39,1757.0,28,125.0,1,-1.0,0,1
36,2178.0,30,74.0,2,-1.0,0,0
37,3770.0,18,106.0,1,110.0,4,0
38,613.0,30,242.0,1,86.0,1,1
45,419.0,5,420.0,1,-1.0,0,0
71,653.0,3,471.0,1,189.0,1,1
31,180.0,26,222.0,1,70.0,2,0
51,482.0,14,178.0,1,-1.0,0,0
37,62.0,2,428.0,2,272.0,8,1
24,638.0,7,792.0,3,-1.0,0,1
31,229.0,29,184.0,1,-1.0,0,0
22,691.0,30,260.0,5,103.0,1,1
41,15302.0,19,121.0,4,-1.0,0,0
53,1624.0,5,158.0,3,-1.0,0,1
40,92.0,13,92.0,1,-1.0,0,0
30,1268.0,8,105.0,4,320.0,8,1
50,161.0,18,642.0,1,-1.0,0,0
59,5397.0,23,244.0,1,92.0,3,1
67,2027.0,15,161.0,2,-1.0,0,1
37,255.0,24,562.0,2,183.0,10,1
38,7005.0,7,370.0,1,412.0,1,1
55,0.0,4,1110.0,1,-1.0,0,1
45,328.0,12,174.0,4,-1.0,0,0
35,496.0,18,135.0,3,-1.0,0,0
44,275.0,17,1077.0,1,-1.0,0,1
47,1060.0,6,83.0,3,-1.0,0,0
31,302.0,23,40.0,8,-1.0,0,0
39,1367.0,9,53.0,4,-1.0,0,0
67,2301.0,16,124.0,1,-1.0,0,0
36,376.0,13,193.0,1,92.0,1,1
62,2557.0,10,404.0,1,57.0,8,1
32,291.0,28,223.0,6,275.0,5,0
60,824.0,9,265.0,1,181.0,8,1
42,0.0,9,331.0,1,140.0,4,1
36,569.0,9,265.0,1,323.0,5,0
32,415.0,23,76.0,2,-1.0,0,0
29,580.0,17,1311.0,2,-1.0,0,1
57,-12.0,12,80.0,8,-1.0,0,0
39,51.0,20,140.0,2,-1.0,0,0
38,427.0,18,253.0,1,182.0,1,0
71,1311.0,10,301.0,2,91.0,1,1
57,589.0,11,167.0,1,190.0,5,1
46,-121.0,8,214.0,4,-1.0,0,0
50,1580.0,14,111.0,3,-1.0,0,0
22,104.0,18,509.0,1,185.0,3,1
37,238.0,3,149.0,1,-1.0,0,1
29,-20.0,21,574.0,1,-1.0,0,1
24,0.0,27,122.0,2,-1.0,0,1
52,1274.0,17,74.0,1,-1.0,0,0
27,5505.0,25,134.0,1,-1.0,0,0
54,489.0,20,280.0,4,287.0,3,0
34,879.0,17,712.0,1,344.0,1,1
36,7606.0,30,917.0,1,-1.0,0,1
45,13265.0,30,113.0,2,-1.0,0,0
53,-421.0,26,543.0,4,-1.0,0,0
23,342.0,3,152.0,6,-1.0,0,0
29,572.0,8,72.0,6,181.0,1,0
28,967.0,20,174.0,1,334.0,1,0
34,18.0,6,285.0,1,288.0,17,0
50,5108.0,18,406.0,1,182.0,2,1
44,-156.0,30,1211.0,2,-1.0,0,1
52,3720.0,20,114.0,2,-1.0,0,0
34,10.0,22,81.0,1,-1.0,0,0
28,832.0,29,433.0,3,342.0,1,1
39,263.0,18,365.0,1,-1.0,0,0
49,1808.0,1,205.0,1,95.0,1,1
59,559.0,13,168.0,2,-1.0,0,0
37,1435.0,18,724.0,16,-1.0,0,1
36,302.0,17,112.0,1,-1.0,0,0
31,438.0,12,130.0,2,-1.0,0,0
61,1058.0,27,159.0,3,-1.0,0,1
32,811.0,14,563.0,1,-1.0,0,1
33,3696.0,19,305.0,1,182.0,3,0
39,519.0,26,117.0,1,-1.0,0,0
31,298.0,2,232.0,1,-1.0,0,0
34,1057.0,27,176.0,10,-1.0,0,0
54,1624.0,12,166.0,3,182.0,10,1
25,839.0,18,700.0,3,-1.0,0,1
30,872.0,15,61.0,1,298.0,2,0
39,2939.0,15,348.0,2,-1.0,0,1
54,190.0,15,196.0,2,-1.0,0,0
52,-33.0,20,257.0,2,-1.0,0,0
35,1380.0,23,155.0,1,-1.0,0,1
56,3287.0,27,497.0,1,-1.0,0,1
27,644.0,2,657.0,1,182.0,1,1
27,18188.0,12,541.0,17,-1.0,0,1
36,1244.0,2,143.0,1,-1.0,0,0
59,1321.0,9,3881.0,3,-1.0,0,1
32,-91.0,26,95.0,2,-1.0,0,0
45,221.0,2,93.0,1,235.0,1,0
40,1547.0,20,405.0,1,-1.0,0,1
34,1524.0,16,399.0,1,-1.0,0,0
42,0.0,21,384.0,5,-1.0,0,0
31,1570.0,8,277.0,4,286.0,1,1
63,1849.0,25,125.0,6,177.0,2,0
30,10152.0,10,266.0,1,-1.0,0,0
18,108.0,9,92.0,1,183.0,1,1
69,482.0,2,260.0,2,-1.0,0,1
26,15161.0,2,280.0,1,-1.0,0,1
37,2987.0,13,216.0,1,87.0,10,1
48,-92.0,3,1393.0,1,-1.0,0,1
42,1455.0,6,364.0,4,-1.0,0,0
22,0.0,5,179.0,2,-1.0,0,0
22,71.0,13,337.0,1,181.0,2,1
49,47.0,5,234.0,2,-1.0,0,0
26,2613.0,1,326.0,1,-1.0,0,1
52,0.0,30,161.0,6,-1.0,0,0
24,9.0,27,292.0,7,-1.0,0,0
50,396.0,20,716.0,2,-1.0,0,1
49,-454.0,14,558.0,1,-1.0,0,1
42,223.0,6,92.0,6,-1.0,0,0
33,764.0,6,244.0,2,-1.0,0,0
26,338.0,29,245.0,1,92.0,3,0
38,702.0,12,143.0,1,-1.0,0,0
39,0.0,27,366.0,1,436.0,10,1
58,44.0,15,288.0,2,-1.0,0,0
34,681.0,20,382.0,6,-1.0,0,0
53,2398.0,2,317.0,1,180.0,2,1
44,2365.0,26,159.0,3,-1.0,0,0
57,0.0,28,648.0,1,-1.0,0,1
38,35.0,17,156.0,1,273.0,3,0
34,0.0,6,787.0,3,9.0,1,1
32,1331.0,12,126.0,1,92.0,5,1
35,4508.0,18,854.0,1,-1.0,0,1
31,1273.0,23,442.0,1,-1.0,0,0
68,1443.0,21,2062.0,2,257.0,1,1
30,229.0,29,24.0,3,-1.0,0,0
29,339.0,4,1576.0,3,-1.0,0,1
51,788.0,3,959.0,6,-1.0,0,0
36,2646.0,13,169.0,1,182.0,10,1
44,1431.0,16,199.0,2,-1.0,0,0
40,0.0,7,674.0,2,-1.0,0,1
42,214.0,16,127.0,1,-1.0,0,1
83,1097.0,5,181.0,1,-1.0,0,1
30,251.0,12,537.0,1,-1.0,0,1
39,391.0,30,962.0,4,-1.0,0,1
29,718.0,8,91.0,3,-1.0,0,0
37,732.0,25,354.0,1,-1.0,0,0
38,4406.0,13,689.0,2,-1.0,0,1
50,-70.0,6,386.0,2,-1.0,0,0
51,44.0,21,79.0,1,-1.0,0,0
36,521.0,20,347.0,3,-1.0,0,1
52,436.0,22,95.0,1,-1.0,0,1
60,5.0,4,494.0,1,95.0,2,1
38,4692.0,29,1363.0,2,-1.0,0,1
30,4.0,20,270.0,1,-1.0,0,0
48,503.0,12,1243.0,7,-1.0,0,1
42,1376.0,2,271.0,2,92.0,4,1
36,1969.0,13,87.0,1,-1.0,0,0
34,2283.0,20,790.0,1,-1.0,0,0
50,2376.0,24,395.0,1,-1.0,0,1
35,704.0,21,164.0,1,-1.0,0,1
48,328.0,6,189.0,1,-1.0,0,0
45,1144.0,22,676.0,1,-1.0,0,1
34,1969.0,7,252.0,4,-1.0,0,0
49,933.0,29,92.0,33,-1.0,0,0
73,2850.0,17,300.0,1,40.0,8,1
35,-180.0,13,823.0,2,-1.0,0,1
49,249.0,6,234.0,1,-1.0,0,1
26,1004.0,30,228.0,2,-1.0,0,1
31,302.0,3,349.0,1,357.0,3,1
32,902.0,27,106.0,2,-1.0,0,0
57,720.0,17,202.0,4,-1.0,0,1
49,7426.0,20,65.0,2,-1.0,0,0
44,294.0,2,246.0,1,259.0,2,0
37,539.0,18,540.0,2,115.0,3,0
32,799.0,23,2078.0,6,-1.0,0,1
39,3655.0,20,422.0,1,-1.0,0,0
28,3028.0,17,183.0,1,-1.0,0,0
65,343.0,5,159.0,2,-1.0,0,0
41,-1.0,30,1171.0,4,-1.0,0,1
32,217.0,15,692.0,3,-1.0,0,1
35,-276.0,13,850.0,1,-1.0,0,1
27,2784.0,20,153.0,1,328.0,1,0
20,215.0,24,175.0,1,92.0,6,1
47,2351.0,2,163.0,2,84.0,1,1
33,562.0,6,196.0,1,363.0,1,1
46,1232.0,3,300.0,3,195.0,8,0
34,1.0,17,54.0,3,-1.0,0,0
37,393.0,14,567.0,3,275.0,4,1
39,597.0,16,686.0,6,-1.0,0,1
45,107.0,19,129.0,11,-1.0,0,0
34,259.0,11,316.0,2,-1.0,0,0
32,1373.0,21,474.0,2,-1.0,0,0
24,1611.0,28,418.0,1,-1.0,0,0
42,1205.0,15,129.0,1,188.0,2,0
30,4468.0,2,204.0,1,-1.0,0,1
37,-38.0,12,165.0,1,175.0,2,0
32,483.0,8,580.0,3,-1.0,0,1
53,0.0,22,77.0,9,-1.0,0,0
33,158.0,6,192.0,2,-1.0,0,1
71,4657.0,16,93.0,5,-1.0,0,1
34,201.0,22,257.0,2,-1.0,0,0
27,1228.0,15,77.0,2,-1.0,0,0
55,1341.0,22,46.0,8,-1.0,0,0
55,1989.0,28,139.0,2,-1.0,0,0
32,0.0,16,387.0,1,-1.0,0,0
56,276.0,15,301.0,1,368.0,1,0
64,4787.0,28,392.0,1,182.0,1,1
55,319.0,21,124.0,3,-1.0,0,0
58,2155.0,10,135.0,2,92.0,5,1
36,265.0,2,88.0,1,273.0,1,0
42,129.0,18,390.0,3,-1.0,0,0
22,423.0,16,316.0,1,179.0,10,1
67,704.0,3,537.0,1,-1.0,0,1
40,473.0,28,383.0,3,-1.0,0,1
20,76.0,18,639.0,2,-1.0,0,1
39,-516.0,9,86.0,2,-1.0,0,0
25,2551.0,28,400.0,3,-1.0,0,1
41,1529.0,7,61.0,6,-1.0,0,0
32,1780.0,3,238.0,6,-1.0,0,0
33,2583.0,6,129.0,1,-1.0,0,0
28,267.0,11,198.0,5,-1.0,0,0
38,-14.0,8,124.0,1,-1.0,0,0
41,-190.0,29,808.0,3,-1.0,0,1
50,203.0,19,265.0,1,127.0,4,0
33,80.0,18,126.0,1,-1.0,0,0
36,255.0,25,242.0,6,95.0,4,1
45,677.0,12,253.0,3,334.0,2,0
33,422.0,6,406.0,3,-1.0,0,0
44,1239.0,20,39.0,4,-1.0,0,0
46,-824.0,7,429.0,3,-1.0,0,1
31,16.0,20,73.0,1,-1.0,0,0
41,793.0,15,123.0,1,365.0,1,0
39,399.0,9,504.0,1,-1.0,0,0
31,582.0,5,548.0,2,-1.0,0,1
25,162.0,1,531.0,2,-1.0,0,1
28,520.0,30,113.0,1,168.0,1,0
50,1688.0,29,156.0,2,-1.0,0,0
56,45.0,5,1467.0,1,-1.0,0,1
52,40.0,19,1265.0,3,-1.0,0,1
33,1623.0,2,291.0,3,-1.0,0,1
38,279.0,28,110.0,5,-1.0,0,0
50,1832.0,17,80.0,1,-1.0,0,0
28,5090.0,6,1297.0,3,-1.0,0,1
60,0.0,18,201.0,1,-1.0,0,0
60,1542.0,14,930.0,1,-1.0,0,1
48,-552.0,21,150.0,2,-1.0,0,0
54,1371.0,25,1492.0,2,-1.0,0,1
46,668.0,15,1263.0,2,-1.0,0,1
52,-888.0,16,135.0,1,-1.0,0,0
33,0.0,20,134.0,3,-1.0,0,0
31,13711.0,20,1532.0,3,-1.0,0,1
33,1097.0,6,308.0,4,-1.0,0,0
33,-370.0,7,261.0,1,345.0,1,1
54,1044.0,29,597.0,5,-1.0,0,0
33,-14.0,14,223.0,2,-1.0,0,0
35,0.0,11,371.0,1,305.0,1,0
31,1716.0,13,542.0,2,340.0,2,0
73,796.0,23,427.0,1,182.0,2,1
32,3993.0,22,148.0,2,-1.0,0,1
36,0.0,27,134.0,2,-1.0,0,0
36,0.0,29,21.0,2,-1.0,0,0
50,253.0,28,513.0,9,-1.0,0,1
50,4979.0,6,180.0,1,-1.0,0,1
29,271.0,20,1882.0,2,-1.0,0,1
59,1040.0,5,123.0,2,-1.0,0,0
29,805.0,23,132.0,1,103.0,7,1
32,0.0,19,303.0,3,-1.0,0,0
41,304.0,30,395.0,2,-1.0,0,0
34,1242.0,29,578.0,3,-1.0,0,0
44,0.0,4,389.0,5,-1.0,0,0
34,1228.0,13,99.0,2,105.0,10,0
44,226.0,14,190.0,3,270.0,3,1
35,52.0,2,378.0,4,-1.0,0,1
43,2987.0,4,156.0,1,85.0,3,1
56,1922.0,24,247.0,2,-1.0,0,0
32,-233.0,28,140.0,2,-1.0,0,0
42,613.0,11,432.0,2,-1.0,0,0
59,3342.0,18,467.0,2,188.0,6,1
32,337.0,15,51.0,3,368.0,1,0
28,1633.0,5,275.0,1,-1.0,0,1
39,2467.0,19,207.0,2,276.0,3,1
36,27.0,9,631.0,1,260.0,2,1
32,642.0,5,52.0,1,253.0,2,0
62,2801.0,9,261.0,1,183.0,1,1
61,1857.0,28,173.0,4,-1.0,0,0
38,2253.0,13,937.0,3,-1.0,0,1
46,640.0,12,215.0,1,182.0,4,1
37,483.0,30,188.0,1,-1.0,0,0
47,4693.0,12,89.0,1,97.0,3,1
25,657.0,28,397.0,1,-1.0,0,0
37,1784.0,19,19.0,5,-1.0,0,0
36,2426.0,20,308.0,1,-1.0,0,0
45,7811.0,16,143.0,2,-1.0,0,0
34,133.0,15,401.0,2,187.0,5,1
34,3050.0,13,469.0,1,-1.0,0,1
36,63.0,2,56.0,8,-1.0,0,0
42,324.0,15,528.0,3,-1.0,0,0
47,3505.0,17,434.0,2,-1.0,0,1
37,203.0,21,759.0,1,90.0,5,1
36,671.0,1,161.0,1,457.0,2,0
62,973.0,2,326.0,1,-1.0,0,1
38,2470.0,31,227.0,1,-1.0,0,1
34,1655.0,28,49.0,2,-1.0,0,0
48,1230.0,13,328.0,2,182.0,3,1
27,1501.0,24,187.0,1,-1.0,0,0
35,1476.0,18,209.0,12,-1.0,0,0
40,1315.0,9,466.0,2,141.0,5,0
59,4399.0,31,69.0,8,-1.0,0,0
60,0.0,3,676.0,2,181.0,5,1
36,0.0,14,636.0,6,-1.0,0,0
31,3311.0,20,719.0,1,-1.0,0,1
29,2531.0,19,634.0,1,-1.0,0,1
29,2929.0,5,232.0,1,89.0,4,1
49,228.0,2,407.0,1,92.0,1,1
50,313.0,14,958.0,1,-1.0,0,1
49,10613.0,4,1226.0,1,-1.0,0,1
35,1632.0,2,430.0,2,-1.0,0,0
39,494.0,10,106.0,2,478.0,3,1
40,57.0,6,102.0,4,-1.0,0,0
27,643.0,14,301.0,1,93.0,1,1
59,259.0,18,224.0,1,-1.0,0,1
57,734.0,6,1357.0,4,-1.0,0,1
38,165.0,17,526.0,1,260.0,2,1
42,5310.0,22,545.0,2,186.0,1,1
26,1134.0,21,464.0,4,-1.0,0,1
35,1201.0,18,537.0,1,-1.0,0,1
36,319.0,18,120.0,2,-1.0,0,0
44,163.0,4,364.0,3,-1.0,0,1
35,353.0,12,582.0,1,-1.0,0,1
32,-92.0,6,139.0,1,363.0,1,0
34,133.0,12,171.0,2,181.0,3,1
31,71.0,12,119.0,1,-1.0,0,1
37,49.0,16,619.0,2,-1.0,0,1
39,494.0,9,216.0,1,183.0,5,1
37,764.0,16,108.0,5,-1.0,0,0
43,8541.0,23,259.0,9,-1.0,0,0
57,668.0,18,12.0,5,-1.0,0,0
35,362.0,29,329.0,2,240.0,8,0
61,1224.0,1,99.0,1,-1.0,0,0
30,2568.0,4,563.0,1,100.0,4,1
44,-395.0,5,894.0,1,-1.0,0,1
54,1303.0,3,1635.0,1,-1.0,0,1
42,1285.0,9,21.0,3,252.0,4,0
18,108.0,8,169.0,1,-1.0,0,1
32,225.0,17,574.0,1,150.0,1,1
42,667.0,15,419.0,8,-1.0,0,0
37,2203.0,5,9.0,8,-1.0,0,0
41,108.0,13,83.0,7,-1.0,0,0
35,5613.0,28,699.0,3,-1.0,0,1
41,0.0,5,400.0,1,-1.0,0,1
29,1925.0,21,150.0,3,149.0,5,1
22,948.0,18,215.0,1,197.0,2,1
30,1012.0,17,22.0,3,329.0,1,0
45,130.0,30,127.0,1,-1.0,0,0
55,2990.0,17,83.0,1,-1.0,0,0
26,518.0,7,189.0,3,-1.0,0,0
45,1998.0,4,237.0,5,-1.0,0,1
45,3329.0,17,311.0,2,-1.0,0,0
37,3154.0,17,404.0,1,305.0,3,1
46,4176.0,12,153.0,6,-1.0,0,0
33,-274.0,17,715.0,2,329.0,2,1
55,9756.0,5,103.0,2,95.0,1,1
58,1636.0,15,187.0,1,-1.0,0,0
40,1010.0,14,283.0,1,-1.0,0,0
36,9068.0,23,98.0,1,-1.0,0,0
39,2263.0,21,1158.0,9,-1.0,0,1
40,819.0,13,50.0,3,-1.0,0,0
36,520.0,23,110.0,2,-1.0,0,0
28,67.0,3,20.0,5,-1.0,0,0
46,2948.0,21,893.0,1,-1.0,0,1
52,371.0,21,453.0,1,183.0,3,1
60,0.0,25,641.0,4,-1.0,0,1
32,136.0,16,206.0,1,188.0,3,1
49,371.0,31,18.0,44,-1.0,0,0
27,204.0,28,471.0,2,-1.0,0,1
40,3126.0,12,200.0,2,-1.0,0,0
37,0.0,23,242.0,5,153.0,7,1
29,3508.0,17,462.0,1,-1.0,0,0
60,935.0,31,8.0,17,-1.0,0,0
31,181.0,13,239.0,2,93.0,2,1
49,5802.0,30,618.0,2,-1.0,0,1
79,2787.0,13,617.0,1,377.0,1,1
44,0.0,14,388.0,2,-1.0,0,0
54,0.0,5,744.0,3,-1.0,0,1
26,626.0,15,412.0,2,-1.0,0,0
47,-512.0,27,220.0,2,-1.0,0,0
36,11462.0,20,993.0,1,-1.0,0,1
34,158.0,9,212.0,3,181.0,6,1
62,1742.0,14,167.0,2,98.0,6,1
58,1231.0,20,21.0,3,-1.0,0,0
46,201.0,29,163.0,6,-1.0,0,0
45,129.0,9,307.0,2,191.0,1,0
29,-254.0,14,406.0,2,-1.0,0,1
48,101.0,21,338.0,3,-1.0,0,0
35,-371.0,13,358.0,2,-1.0,0,0
43,413.0,12,235.0,2,182.0,4,1
35,1942.0,8,249.0,1,-1.0,0,0
55,16432.0,14,482.0,2,-1.0,0,0
60,404.0,5,308.0,2,196.0,2,1
36,6172.0,18,126.0,2,-1.0,0,0
48,150.0,9,168.0,2,203.0,7,0
51,1164.0,12,100.0,1,369.0,2,0
29,0.0,30,539.0,12,-1.0,0,1
73,934.0,14,961.0,5,-1.0,0,1
46,922.0,8,576.0,1,-1.0,0,1
29,23.0,8,101.0,2,-1.0,0,0
36,-272.0,4,53.0,6,-1.0,0,0
31,1619.0,30,327.0,2,-1.0,0,1
51,2094.0,8,458.0,6,-1.0,0,1
32,463.0,13,128.0,2,-1.0,0,0
34,4535.0,6,54.0,3,-1.0,0,0
31,50.0,21,794.0,1,-1.0,0,0
54,7010.0,11,275.0,2,-1.0,0,0
35,916.0,14,460.0,2,-1.0,0,1
39,202.0,12,59.0,1,301.0,1,0
55,0.0,22,102.0,1,106.0,1,0
32,1026.0,13,289.0,1,-1.0,0,1
52,6657.0,30,917.0,1,-1.0,0,1
50,4117.0,21,530.0,1,-1.0,0,1
44,756.0,18,65.0,1,130.0,2,0
33,3605.0,20,308.0,1,-1.0,0,0
28,3844.0,3,132.0,2,-1.0,0,0
50,13931.0,18,132.0,1,-1.0,0,0
43,108.0,15,420.0,4,-1.0,0,0
43,4333.0,20,1490.0,3,-1.0,0,1
45,141.0,14,21.0,10,-1.0,0,0
27,111.0,7,495.0,2,-1.0,0,1
33,30.0,22,1077.0,1,-1.0,0,1
37,2283.0,6,243.0,2,98.0,2,1
39,307.0,22,182.0,2,-1.0,0,1
45,608.0,7,1135.0,3,323.0,30,1
56,2037.0,5,318.0,1,91.0,6,1
27,893.0,16,154.0,2,-1.0,0,1
34,297.0,26,63.0,4,-1.0,0,0
41,1408.0,23,403.0,3,-1.0,0,0
38,982.0,11,176.0,3,-1.0,0,0
26,686.0,30,98.0,2,-1.0,0,0
40,159.0,18,37.0,1,-1.0,0,0
34,9827.0,13,871.0,4,-1.0,0,1
42,1882.0,15,87.0,1,-1.0,0,0
28,1808.0,30,309.0,1,-1.0,0,1
37,465.0,18,899.0,3,-1.0,0,1
27,67.0,14,239.0,1,-1.0,0,1
35,0.0,16,1174.0,1,345.0,4,1
30,1390.0,20,552.0,4,-1.0,0,0
42,4014.0,21,149.0,4,186.0,1,0
43,2355.0,13,333.0,3,-1.0,0,0
53,4856.0,18,151.0,1,-1.0,0,0
63,4752.0,2,233.0,2,-1.0,0,1
32,514.0,8,459.0,1,-1.0,0,0
36,353.0,11,361.0,2,181.0,2,1
36,-1.0,23,268.0,1,-1.0,0,0
39,1509.0,11,248.0,1,-1.0,0,0
40,-378.0,13,541.0,1,295.0,6,0
31,4105.0,30,264.0,1,-1.0,0,0
41,14968.0,23,1360.0,4,-1.0,0,1
76,2302.0,5,110.0,1,87.0,2,0
28,8263.0,2,267.0,1,-1.0,0,0
54,0.0,27,565.0,1,-1.0,0,1
28,866.0,23,191.0,2,-1.0,0,1
43,149.0,23,662.0,2,-1.0,0,1
30,12697.0,19,95.0,1,-1.0,0,0
30,1015.0,30,11.0,8,-1.0,0,0
36,274.0,16,686.0,11,-1.0,0,1
35,0.0,20,1205.0,1,-1.0,0,1
39,-114.0,3,372.0,1,-1.0,0,1
45,0.0,18,179.0,2,-1.0,0,0
25,97.0,27,709.0,1,-1.0,0,1
26,941.0,29,1165.0,1,-1.0,0,1
25,1857.0,13,195.0,2,91.0,10,1
40,952.0,15,126.0,2,333.0,1,0
42,413.0,11,589.0,2,-1.0,0,1
49,221.0,15,305.0,1,-1.0,0,0
40,2040.0,18,906.0,2,350.0,2,1
39,18508.0,20,1598.0,4,-1.0,0,1
30,305.0,13,75.0,1,105.0,3,0
50,14.0,26,68.0,1,-1.0,0,0
30,398.0,30,554.0,1,6.0,2,1
38,93.0,16,394.0,3,-1.0,0,0
35,397.0,17,594.0,1,-1.0,0,1
30,5.0,23,282.0,1,203.0,1,1
48,0.0,15,263.0,1,-1.0,0,0
27,769.0,9,317.0,2,-1.0,0,0
57,209.0,19,453.0,1,-1.0,0,0
52,-468.0,8,534.0,1,-1.0,0,1
67,708.0,11,96.0,2,-1.0,0,0
31,106.0,13,101.0,13,-1.0,0,0
64,4833.0,20,621.0,1,181.0,3,1
39,-172.0,15,562.0,2,-1.0,0,1
26,268.0,20,77.0,2,-1.0,0,0
78,158.0,18,360.0,1,-1.0,0,0
42,1364.0,15,1867.0,6,-1.0,0,1
35,286.0,30,949.0,2,-1.0,0,1
56,0.0,29,152.0,1,223.0,3,0
43,2501.0,29,153.0,4,-1.0,0,0
35,391.0,21,152.0,1,-1.0,0,0
33,855.0,15,110.0,1,-1.0,0,1
40,4539.0,13,256.0,3,439.0,1,1
56,84.0,13,65.0,2,370.0,1,0
24,1354.0,18,239.0,2,-1.0,0,0
33,1388.0,31,158.0,1,202.0,3,0
49,359.0,2,231.0,2,271.0,1,0
33,700.0,9,126.0,1,88.0,1,1
26,313.0,26,210.0,2,-1.0,0,1
49,737.0,13,100.0,2,-1.0,0,0
35,-33.0,6,109.0,1,-1.0,0,0
78,1389.0,8,335.0,1,-1.0,0,1
37,658.0,5,838.0,1,-1.0,0,1
50,5024.0,7,661.0,1,267.0,11,1
34,13014.0,12,637.0,1,183.0,1,1
36,3254.0,27,207.0,1,-1.0,0,1
47,2524.0,12,105.0,1,-1.0,0,1
47,1715.0,22,211.0,8,-1.0,0,0
39,1423.0,21,733.0,3,-1.0,0,1
34,634.0,12,737.0,3,-1.0,0,1
50,2218.0,17,711.0,1,-1.0,0,1
27,139.0,15,448.0,5,-1.0,0,1
26,1646.0,12,524.0,4,206.0,5,1
48,3766.0,6,206.0,2,-1.0,0,0
44,-948.0,9,129.0,2,-1.0,0,0
38,531.0,29,214.0,3,226.0,7,0
40,991.0,12,316.0,2,-1.0,0,0
32,2378.0,17,1132.0,2,-1.0,0,1
30,2030.0,28,27.0,2,-1.0,0,0
39,1047.0,6,554.0,1,-1.0,0,1
30,1598.0,10,634.0,1,-1.0,0,1
27,1393.0,31,382.0,1,271.0,1,0
35,3888.0,20,207.0,5,178.0,5,0
32,102.0,18,560.0,1,-1.0,0,1
31,92.0,16,688.0,1,-1.0,0,1
34,382.0,4,494.0,2,198.0,7,0
30,102.0,18,364.0,3,-1.0,0,1
31,199.0,11,127.0,2,461.0,4,0
42,1079.0,31,61.0,2,-1.0,0,0
33,7621.0,21,68.0,1,-1.0,0,0
53,36.0,2,25.0,1,417.0,1,1
34,557.0,17,224.0,1,-1.0,0,1
34,0.0,14,1020.0,1,-1.0,0,1
60,11.0,29,265.0,1,586.0,2,1
60,1690.0,28,64.0,11,-1.0,0,0
42,419.0,14,96.0,4,-1.0,0,0
38,0.0,8,635.0,1,-1.0,0,1
31,985.0,17,997.0,1,57.0,2,1
60,7791.0,30,141.0,1,-1.0,0,0
40,4736.0,11,285.0,2,-1.0,0,1
45,1179.0,21,172.0,6,-1.0,0,0
27,-172.0,9,125.0,5,-1.0,0,0
29,0.0,28,296.0,1,-1.0,0,0
35,53.0,16,258.0,2,-1.0,0,0
32,6542.0,15,1598.0,4,175.0,5,1
28,739.0,21,316.0,1,-1.0,0,0
29,1082.0,30,77.0,4,-1.0,0,0
43,1429.0,19,1015.0,1,198.0,2,1
31,115.0,17,187.0,1,-1.0,0,1
39,0.0,23,210.0,2,-1.0,0,0
41,1583.0,9,662.0,1,-1.0,0,1
51,0.0,20,179.0,3,-1.0,0,0
54,1037.0,12,612.0,4,-1.0,0,0
39,4646.0,18,486.0,1,-1.0,0,1
44,250.0,2,382.0,2,-1.0,0,1
49,1838.0,8,203.0,1,-1.0,0,0
42,0.0,30,458.0,3,-1.0,0,0
45,844.0,5,1018.0,3,-1.0,0,1
34,751.0,17,1303.0,1,-1.0,0,1
42,2129.0,13,633.0,1,182.0,2,1
46,587.0,2,186.0,1,-1.0,0,0
27,78.0,18,5.0,2,-1.0,0,0
50,705.0,5,504.0,1,-1.0,0,1
34,-14.0,14,85.0,2,-1.0,0,0
29,1377.0,8,548.0,2,-1.0,0,1
30,2597.0,11,49.0,1,349.0,3,0
37,3.0,29,88.0,6,-1.0,0,0
37,0.0,17,65.0,2,119.0,1,0
58,4152.0,30,750.0,2,164.0,4,1
56,486.0,21,1877.0,1,-1.0,0,1
36,1057.0,5,383.0,2,-1.0,0,0
31,10787.0,4,135.0,2,-1.0,0,0
30,309.0,13,99.0,1,-1.0,0,0
31,183.0,16,495.0,1,-1.0,0,1
50,3674.0,30,886.0,3,-1.0,0,1
22,1215.0,19,145.0,3,192.0,1,1
46,7331.0,11,658.0,4,95.0,2,1
39,45248.0,6,1623.0,1,-1.0,0,1
28,593.0,19,202.0,1,-1.0,0,0
39,1433.0,8,182.0,2,366.0,1,0
58,3337.0,8,369.0,2,690.0,3,1
31,111.0,21,504.0,2,93.0,2,1
29,1958.0,18,112.0,4,349.0,1,0
27,1414.0,2,95.0,1,-1.0,0,0
28,111.0,10,70.0,2,-1.0,0,0
36,624.0,5,518.0,2,8.0,1,0
46,596.0,3,404.0,13,-1.0,0,0
41,1517.0,8,193.0,3,-1.0,0,1
59,258.0,29,266.0,1,-1.0,0,1
30,61.0,5,525.0,1,-1.0,0,1
47,175.0,15,236.0,4,262.0,7,0
28,292.0,28,507.0,1,-1.0,0,1
41,-109.0,11,1038.0,1,370.0,1,1
36,40.0,27,259.0,3,475.0,4,1
34,2552.0,25,74.0,1,-1.0,0,0
51,0.0,15,177.0,4,99.0,2,0
34,558.0,20,108.0,2,-1.0,0,0
58,169.0,15,216.0,1,91.0,4,1
25,2354.0,5,226.0,7,-1.0,0,1
28,216.0,13,66.0,1,-1.0,0,0
40,142.0,20,14.0,3,-1.0,0,0
44,755.0,31,829.0,4,-1.0,0,1
60,182.0,26,166.0,5,181.0,5,0
42,1278.0,29,422.0,4,-1.0,0,0
30,147.0,9,234.0,1,100.0,1,1
60,3735.0,22,190.0,1,188.0,9,1
34,-191.0,17,156.0,6,-1.0,0,0
32,376.0,23,248.0,4,-1.0,0,1
27,-335.0,4,324.0,1,-1.0,0,0
35,270.0,6,332.0,2,335.0,1,0
36,184.0,7,128.0,3,-1.0,0,0
20,215.0,24,325.0,1,95.0,5,1
40,0.0,6,641.0,6,-1.0,0,1
64,1574.0,29,301.0,3,-1.0,0,1
34,581.0,29,182.0,1,-1.0,0,0
40,-495.0,29,303.0,2,-1.0,0,0
55,338.0,14,8.0,4,300.0,5,0
41,3126.0,29,222.0,1,91.0,7,1
51,3984.0,20,7.0,12,-1.0,0,0
41,402.0,17,114.0,17,-1.0,0,0
56,370.0,26,128.0,12,-1.0,0,0
48,268.0,28,458.0,7,-1.0,0,1
59,-209.0,30,215.0,3,-1.0,0,0
29,343.0,4,39.0,2,-1.0,0,0
51,630.0,5,138.0,1,-1.0,0,0
46,2196.0,28,573.0,5,-1.0,0,1
30,2702.0,24,129.0,2,-1.0,0,0
40,664.0,21,1342.0,2,-1.0,0,1
49,561.0,15,173.0,1,-1.0,0,1
47,3466.0,11,853.0,2,-1.0,0,1
37,133.0,11,1388.0,2,-1.0,0,1
32,284.0,29,717.0,3,-1.0,0,1
37,490.0,30,226.0,1,-1.0,0,0
39,-17.0,28,908.0,1,-1.0,0,1
24,3415.0,27,97.0,1,-1.0,0,1
30,232.0,15,219.0,1,91.0,1,1
28,970.0,4,297.0,1,-1.0,0,0
27,535.0,13,159.0,1,87.0,3,1
56,870.0,16,257.0,1,-1.0,0,1
43,11115.0,23,476.0,1,74.0,2,1
42,294.0,26,513.0,1,-1.0,0,1
44,13761.0,29,65.0,1,-1.0,0,0
31,493.0,18,158.0,1,-1.0,0,0
27,1595.0,29,196.0,2,197.0,2,1
40,252.0,15,103.0,6,-1.0,0,0
29,70.0,25,393.0,1,-1.0,0,1
26,311.0,7,798.0,2,-1.0,0,1
42,191.0,14,382.0,3,371.0,1,0
30,2424.0,15,337.0,1,95.0,2,1
33,1529.0,18,41.0,1,-1.0,0,0
33,3689.0,27,445.0,3,-1.0,0,1
54,129.0,28,867.0,2,-1.0,0,1
43,438.0,17,355.0,2,-1.0,0,0
30,236.0,16,197.0,1,-1.0,0,0
42,1376.0,2,712.0,4,-1.0,0,1
32,388.0,29,250.0,3,-1.0,0,1
39,0.0,22,271.0,1,93.0,3,1
47,4709.0,22,78.0,4,-1.0,0,0
32,415.0,2,777.0,4,-1.0,0,1
45,854.0,8,730.0,1,-1.0,0,1
25,349.0,22,1037.0,8,-1.0,0,1
50,-315.0,21,61.0,7,136.0,1,0
54,841.0,8,284.0,4,-1.0,0,0
50,413.0,19,243.0,2,-1.0,0,0
55,274.0,9,7.0,5,-1.0,0,0
37,506.0,2,446.0,2,273.0,1,0
55,255.0,22,114.0,1,-1.0,0,0
62,1495.0,17,606.0,1,196.0,1,1
48,0.0,11,195.0,1,104.0,5,0
77,2223.0,10,365.0,2,187.0,1,0
54,3994.0,20,595.0,2,187.0,2,1
42,2249.0,3,362.0,2,136.0,6,0
24,1295.0,21,476.0,1,-1.0,0,1
31,754.0,19,1022.0,4,-1.0,0,1
51,0.0,22,176.0,4,-1.0,0,0
48,517.0,14,273.0,1,-1.0,0,0
30,0.0,11,56.0,3,-1.0,0,0
31,13.0,6,1019.0,2,-1.0,0,1
28,39.0,20,149.0,1,-1.0,0,0
31,-720.0,17,638.0,16,-1.0,0,0
41,-100.0,16,20.0,21,-1.0,0,0
50,171.0,14,75.0,3,-1.0,0,0
25,894.0,28,328.0,1,-1.0,0,0
56,1694.0,21,793.0,10,-1.0,0,1
52,2257.0,18,102.0,2,188.0,1,0
37,466.0,25,377.0,1,-1.0,0,1
29,41.0,13,148.0,2,-1.0,0,1
84,639.0,18,353.0,3,-1.0,0,1
34,63.0,17,678.0,1,-1.0,0,1
59,59.0,5,273.0,1,-1.0,0,0
47,677.0,30,900.0,2,86.0,2,1
47,2351.0,10,80.0,1,-1.0,0,1
32,386.0,18,482.0,1,-1.0,0,1
30,61.0,5,36.0,7,165.0,5,0
32,5.0,12,105.0,2,-1.0,0,0
31,882.0,3,411.0,1,-1.0,0,1
50,1293.0,8,82.0,1,-1.0,0,0
26,194.0,22,407.0,2,-1.0,0,1
37,292.0,21,133.0,2,-1.0,0,0
35,991.0,6,1489.0,3,-1.0,0,1
29,163.0,3,249.0,1,-1.0,0,1
34,367.0,6,140.0,1,-1.0,0,0
54,77.0,21,180.0,4,-1.0,0,0
30,377.0,4,524.0,15,-1.0,0,1
54,1090.0,21,160.0,7,-1.0,0,0
39,1444.0,25,362.0,8,-1.0,0,1
40,0.0,21,43.0,1,185.0,2,0
31,2592.0,12,349.0,2,174.0,1,0
32,1273.0,16,1365.0,2,328.0,1,1
47,820.0,19,98.0,1,-1.0,0,1
30,0.0,4,316.0,3,-1.0,0,1
43,11115.0,23,291.0,1,182.0,3,1
56,2925.0,29,133.0,6,-1.0,0,0
26,380.0,13,260.0,3,-1.0,0,0
37,0.0,8,143.0,4,-1.0,0,0
48,2266.0,18,676.0,1,-1.0,0,1
33,478.0,30,475.0,2,-1.0,0,1
42,-9.0,20,248.0,1,-1.0,0,0
33,0.0,31,16.0,43,-1.0,0,0
48,361.0,17,287.0,1,-1.0,0,0
29,-27.0,13,270.0,1,-1.0,0,1
36,618.0,13,360.0,1,335.0,2,1
29,482.0,10,1097.0,3,-1.0,0,1
37,3175.0,20,168.0,1,-1.0,0,0
46,834.0,11,196.0,2,-1.0,0,0
51,307.0,17,65.0,2,-1.0,0,0
53,0.0,9,296.0,1,-1.0,0,0
32,7406.0,20,418.0,2,-1.0,0,0
31,181.0,30,325.0,1,-1.0,0,1
34,589.0,1,300.0,1,44.0,3,1
30,1177.0,8,220.0,2,-1.0,0,0
27,439.0,15,1038.0,2,-1.0,0,1
32,1868.0,27,186.0,16,-1.0,0,0
58,3399.0,26,1078.0,1,97.0,7,1
24,272.0,16,105.0,2,94.0,2,1
49,0.0,17,223.0,1,-1.0,0,1
37,391.0,8,103.0,3,-1.0,0,0
52,1319.0,30,37.0,2,-1.0,0,0
32,796.0,30,198.0,1,160.0,1,0
52,305.0,28,26.0,26,-1.0,0,0
37,775.0,14,150.0,2,-1.0,0,1
40,17.0,17,192.0,1,-1.0,0,0
35,2161.0,9,139.0,2,181.0,3,1
27,121.0,2,145.0,2,-1.0,0,0
36,-15.0,6,341.0,3,-1.0,0,0
59,2166.0,7,574.0,1,-1.0,0,1
52,659.0,27,113.0,1,-1.0,0,1
42,61.0,20,115.0,1,-1.0,0,0
41,780.0,15,432.0,3,-1.0,0,0
34,1337.0,12,255.0,2,104.0,1,1
40,7968.0,3,733.0,1,93.0,1,1
51,101.0,7,217.0,3,-1.0,0,0
36,4388.0,8,52.0,3,-1.0,0,0
38,565.0,30,1143.0,1,-1.0,0,1
36,565.0,27,300.0,1,-1.0,0,1
35,3490.0,29,643.0,2,-1.0,0,1
44,7138.0,8,809.0,2,-1.0,0,1
46,289.0,7,51.0,3,-1.0,0,0
68,451.0,5,373.0,1,-1.0,0,1
46,466.0,31,109.0,8,-1.0,0,0
35,4924.0,16,252.0,2,-1.0,0,0
52,420.0,7,139.0,4,-1.0,0,0
52,94.0,30,244.0,1,-1.0,0,1
54,5210.0,30,123.0,4,-1.0,0,0
59,1.0,15,159.0,2,378.0,3,1
37,1649.0,1,140.0,3,-1.0,0,1
49,566.0,25,979.0,2,-1.0,0,1
30,55.0,21,132.0,1,-1.0,0,0
20,423.0,16,498.0,1,-1.0,0,1
33,277.0,24,57.0,2,-1.0,0,0
40,1451.0,1,314.0,1,-1.0,0,1
47,603.0,8,1080.0,1,-1.0,0,1
35,417.0,19,92.0,4,-1.0,0,0
29,123.0,21,158.0,2,181.0,1,1
45,0.0,5,370.0,2,-1.0,0,0
58,999.0,25,188.0,6,-1.0,0,0
35,3863.0,14,125.0,1,175.0,1,0
30,0.0,13,150.0,4,-1.0,0,0
46,964.0,8,174.0,1,-1.0,0,0
58,2160.0,5,1090.0,1,-1.0,0,1
27,5291.0,12,192.0,2,92.0,2,1
33,0.0,11,699.0,7,-1.0,0,1
33,2054.0,25,472.0,6,-1.0,0,1
35,159.0,12,826.0,1,-1.0,0,1
21,614.0,13,243.0,3,-1.0,0,0
50,112.0,4,70.0,5,85.0,5,0
53,352.0,20,58.0,5,-1.0,0,0
48,0.0,19,204.0,4,182.0,1,1
28,742.0,26,236.0,1,-1.0,0,1
35,-229.0,27,100.0,2,-1.0,0,0
36,911.0,25,117.0,2,21.0,3,1
34,127.0,3,117.0,1,-1.0,0,1
37,0.0,25,484.0,4,-1.0,0,0
21,2488.0,12,180.0,1,-1.0,0,1
31,1260.0,21,93.0,1,-1.0,0,0
53,238.0,11,238.0,2,361.0,5,0
33,202.0,17,377.0,1,-1.0,0,0
55,1613.0,3,296.0,1,270.0,3,1
41,1011.0,19,113.0,1,174.0,4,0
30,8781.0,18,898.0,1,-1.0,0,1
20,66.0,19,75.0,2,-1.0,0,0
40,-839.0,16,1018.0,2,-1.0,0,1
37,597.0,2,395.0,1,-1.0,0,1
45,-525.0,21,980.0,2,-1.0,0,1
33,5437.0,7,201.0,1,58.0,3,1
41,102.0,15,323.0,1,-1.0,0,0
59,135.0,23,416.0,4,-1.0,0,1
59,3735.0,17,243.0,3,91.0,6,1
37,341.0,13,287.0,3,182.0,3,1
57,3783.0,6,198.0,3,-1.0,0,0
26,251.0,18,12.0,5,-1.0,0,0
47,1101.0,23,957.0,3,-1.0,0,1
54,3395.0,7,199.0,2,-1.0,0,0
33,136.0,18,30.0,2,336.0,13,0
46,580.0,13,36.0,1,-1.0,0,0
55,602.0,7,350.0,1,98.0,5,1
25,760.0,27,223.0,3,89.0,2,1
37,37.0,18,155.0,2,-1.0,0,0
41,1092.0,5,736.0,1,-1.0,0,1
37,189.0,2,253.0,2,-1.0,0,1
23,318.0,9,545.0,2,-1.0,0,0
60,0.0,19,83.0,2,-1.0,0,0
32,889.0,3,1076.0,2,85.0,3,1
51,1093.0,18,18.0,1,-1.0,0,0
73,519.0,16,434.0,1,57.0,1,1
31,334.0,2,425.0,2,-1.0,0,0
48,2537.0,26,219.0,6,-1.0,0,0
48,24.0,14,832.0,1,-1.0,0,1
28,223.0,27,157.0,2,119.0,1,1
36,321.0,15,160.0,2,-1.0,0,0
35,7918.0,7,497.0,1,-1.0,0,1
52,2269.0,20,1210.0,1,-1.0,0,1
34,48.0,24,357.0,7,-1.0,0,0
56,467.0,29,105.0,8,-1.0,0,0
43,184.0,16,1019.0,11,-1.0,0,1
32,303.0,8,150.0,1,267.0,4,1
43,740.0,20,585.0,2,-1.0,0,1
44,0.0,20,133.0,1,-1.0,0,1
27,43.0,2,95.0,3,-1.0,0,0
32,883.0,10,798.0,1,185.0,5,1
46,0.0,21,234.0,5,102.0,5,0
31,2085.0,19,488.0,3,-1.0,0,0
41,143.0,2,659.0,2,-1.0,0,1
51,3463.0,13,371.0,2,166.0,3,1
35,-202.0,9,1461.0,2,-1.0,0,0
50,388.0,8,152.0,2,89.0,2,0
34,79.0,10,336.0,4,-1.0,0,1
34,-16.0,5,78.0,1,-1.0,0,0
43,-754.0,9,727.0,3,-1.0,0,1
44,337.0,28,257.0,3,-1.0,0,0
42,1202.0,11,40.0,1,-1.0,0,0
46,575.0,25,129.0,3,-1.0,0,0
31,378.0,23,421.0,2,-1.0,0,0
30,126.0,23,75.0,10,-1.0,0,0
41,231.0,7,352.0,2,-1.0,0,1
26,370.0,8,1061.0,4,-1.0,0,1
46,4.0,30,268.0,1,261.0,5,1
29,455.0,22,542.0,4,148.0,3,1
33,1699.0,4,600.0,1,-1.0,0,1
33,39.0,16,332.0,3,-1.0,0,0
47,86.0,30,387.0,3,87.0,1,1
28,-493.0,18,126.0,4,-1.0,0,0
30,292.0,7,381.0,1,335.0,5,0
37,6771.0,7,337.0,1,186.0,1,1
35,2583.0,19,210.0,1,-1.0,0,0
47,1095.0,18,171.0,1,110.0,2,0
69,840.0,5,128.0,3,-1.0,0,1
42,849.0,8,667.0,1,321.0,1,1
34,1434.0,21,50.0,2,-1.0,0,0
54,-315.0,10,2029.0,1,-1.0,0,1
45,492.0,29,141.0,2,-1.0,0,0
59,182.0,3,133.0,1,-1.0,0,0
31,533.0,12,90.0,3,93.0,6,1
33,990.0,24,1491.0,2,-1.0,0,1
48,1910.0,29,413.0,2,-1.0,0,0
42,576.0,27,156.0,1,-1.0,0,1
27,931.0,4,1078.0,1,-1.0,0,1
33,206.0,13,168.0,1,-1.0,0,0
41,232.0,8,104.0,3,-1.0,0,0
44,673.0,5,105.0,1,-1.0,0,0
28,1955.0,29,25.0,1,-1.0,0,0
31,243.0,23,305.0,2,842.0,1,1
41,261.0,5,222.0,1,-1.0,0,0
29,1445.0,26,328.0,2,143.0,2,1
54,0.0,18,144.0,2,-1.0,0,0
39,1587.0,2,171.0,3,-1.0,0,1
32,1716.0,21,157.0,4,-1.0,0,0
39,1524.0,20,567.0,1,-1.0,0,1
40,2266.0,16,447.0,1,147.0,5,1
58,5087.0,19,135.0,1,-1.0,0,0
32,530.0,29,131.0,1,127.0,3,0
28,882.0,8,107.0,2,-1.0,0,0
62,4562.0,3,168.0,1,-1.0,0,1
32,752.0,6,519.0,2,166.0,5,1
37,16.0,30,638.0,1,-1.0,0,1
28,5916.0,22,259.0,1,63.0,5,0
40,679.0,17,642.0,2,304.0,1,0
31,783.0,2,221.0,2,272.0,1,0
24,145.0,15,520.0,1,345.0,1,0
45,5461.0,20,841.0,2,-1.0,0,1
31,513.0,13,180.0,1,-1.0,0,0
37,238.0,7,200.0,2,-1.0,0,0
57,109.0,25,124.0,4,-1.0,0,0
46,379.0,11,886.0,2,-1.0,0,0
37,-796.0,26,299.0,1,-1.0,0,0
39,3705.0,16,77.0,1,-1.0,0,0
60,1588.0,6,728.0,1,-1.0,0,1
38,4630.0,3,133.0,3,-1.0,0,0
30,3950.0,18,152.0,4,370.0,3,0
48,74.0,12,181.0,1,-1.0,0,0
34,865.0,21,51.0,7,-1.0,0,0
51,95.0,23,1309.0,4,-1.0,0,1
59,0.0,7,123.0,3,-1.0,0,0
46,-637.0,8,218.0,1,172.0,1,0
34,4254.0,21,714.0,1,-1.0,0,1
73,1609.0,14,169.0,2,-1.0,0,1
55,1105.0,15,94.0,1,-1.0,0,0
65,276.0,22,229.0,1,-1.0,0,1
34,9.0,14,153.0,2,-1.0,0,0
35,514.0,25,56.0,1,185.0,1,0
54,0.0,6,127.0,1,-1.0,0,0
30,6.0,23,274.0,2,-1.0,0,0
36,2843.0,14,186.0,1,-1.0,0,1
47,176.0,19,91.0,2,-1.0,0,0
37,1291.0,5,150.0,1,97.0,2,1
32,2481.0,18,547.0,11,-1.0,0,0
26,181.0,20,158.0,2,-1.0,0,1
46,687.0,19,125.0,13,-1.0,0,0
53,269.0,6,347.0,2,-1.0,0,0
39,580.0,14,323.0,4,-1.0,0,0
35,2717.0,13,394.0,6,-1.0,0,1
55,554.0,25,234.0,1,-1.0,0,0
53,218.0,12,27.0,6,344.0,12,0
35,7050.0,11,222.0,3,182.0,4,1
60,493.0,18,671.0,4,-1.0,0,1
36,70.0,6,100.0,2,-1.0,0,0
42,519.0,2,150.0,3,-1.0,0,0
39,104.0,6,412.0,1,-1.0,0,0
35,820.0,8,287.0,4,-1.0,0,0
30,491.0,9,197.0,4,-1.0,0,0
33,801.0,7,341.0,5,-1.0,0,1
27,294.0,28,694.0,2,-1.0,0,1
51,5610.0,19,69.0,2,-1.0,0,0
46,863.0,3,67.0,3,-1.0,0,0
42,5310.0,20,273.0,1,90.0,3,1
54,487.0,21,828.0,4,-1.0,0,1
41,188.0,31,15.0,25,-1.0,0,0
42,1713.0,30,855.0,2,-1.0,0,1
31,0.0,27,581.0,6,-1.0,0,1
30,697.0,10,179.0,3,102.0,2,1
47,129.0,2,110.0,2,222.0,2,0
39,272.0,9,85.0,1,325.0,1,0
56,1044.0,3,353.0,2,-1.0,0,1
60,1690.0,20,1467.0,4,-1.0,0,1
43,3872.0,9,225.0,2,-1.0,0,0
38,116.0,30,203.0,1,-1.0,0,0
31,1291.0,18,72.0,1,-1.0,0,0
31,2296.0,6,49.0,8,-1.0,0,0
44,887.0,17,519.0,1,14.0,2,0
36,1357.0,5,74.0,5,-1.0,0,0
39,276.0,9,334.0,2,-1.0,0,1
37,981.0,7,682.0,2,386.0,1,1
42,146.0,15,670.0,4,346.0,1,1
40,2562.0,15,487.0,4,-1.0,0,0
54,2960.0,13,94.0,9,85.0,1,0
50,1743.0,6,49.0,5,-1.0,0,0
44,8.0,28,531.0,1,-1.0,0,0
46,368.0,20,293.0,1,90.0,4,1
31,2666.0,8,411.0,2,148.0,9,1
27,4848.0,23,82.0,3,-1.0,0,0
28,115.0,21,66.0,13,-1.0,0,0
38,1680.0,17,414.0,2,-1.0,0,0
40,127.0,17,76.0,1,-1.0,0,0
49,2611.0,20,194.0,2,-1.0,0,1
38,1805.0,9,952.0,2,-1.0,0,1
36,1257.0,8,108.0,9,101.0,1,0
30,2107.0,4,23.0,5,-1.0,0,0
37,9.0,14,165.0,1,-1.0,0,0
48,164.0,12,139.0,2,-1.0,0,0
34,1406.0,27,145.0,1,-1.0,0,1
46,211.0,14,36.0,2,-1.0,0,0
43,4389.0,8,618.0,1,-1.0,0,1
40,0.0,6,225.0,1,-1.0,0,0
28,334.0,14,438.0,4,-1.0,0,0
43,2367.0,1,114.0,1,38.0,2,1
34,1031.0,29,751.0,3,-1.0,0,1
30,484.0,6,703.0,1,-1.0,0,1
27,20585.0,23,299.0,1,100.0,1,1
24,8165.0,15,216.0,1,-1.0,0,1
49,1127.0,17,162.0,2,281.0,1,0
25,2399.0,3,193.0,2,-1.0,0,0
56,-9.0,8,728.0,1,-1.0,0,1
35,911.0,14,136.0,2,175.0,7,0
30,7.0,28,173.0,1,164.0,4,1
57,32.0,15,476.0,3,-1.0,0,0
53,3975.0,20,23.0,2,-1.0,0,0
26,507.0,30,380.0,1,-1.0,0,1
47,1111.0,20,415.0,4,-1.0,0,0
57,900.0,8,169.0,4,-1.0,0,0
25,343.0,1,377.0,1,-1.0,0,1
32,1270.0,3,420.0,1,15.0,3,0
43,1376.0,8,235.0,4,-1.0,0,0
28,196.0,2,423.0,3,-1.0,0,1
48,44.0,6,153.0,1,-1.0,0,0
50,1906.0,16,174.0,17,-1.0,0,0
51,580.0,19,694.0,2,-1.0,0,1
29,2326.0,6,195.0,1,-1.0,0,1
43,774.0,25,101.0,1,421.0,1,1
51,129.0,15,611.0,2,-1.0,0,1
35,289.0,11,80.0,10,-1.0,0,0
24,387.0,4,340.0,8,-1.0,0,1
55,2152.0,19,922.0,2,-1.0,0,1
26,294.0,5,87.0,1,91.0,2,1
40,14.0,12,135.0,4,-1.0,0,0
38,1199.0,3,482.0,1,-1.0,0,1
44,-234.0,15,71.0,3,347.0,1,0
31,297.0,12,127.0,1,-1.0,0,0
51,3188.0,19,339.0,3,-1.0,0,0
34,268.0,7,587.0,1,-1.0,0,1
61,182.0,9,335.0,1,92.0,13,0
49,202.0,17,651.0,2,104.0,1,1
33,1412.0,19,480.0,1,-1.0,0,1
37,332.0,14,190.0,2,84.0,7,0
44,0.0,2,699.0,1,272.0,1,1
79,2661.0,10,254.0,5,-1.0,0,1
52,2231.0,19,470.0,4,-1.0,0,0
33,229.0,8,205.0,4,-1.0,0,0
36,300.0,9,287.0,1,-1.0,0,0
33,0.0,19,85.0,2,-1.0,0,0
48,205.0,7,239.0,2,-1.0,0,0
53,1319.0,19,1318.0,3,-1.0,0,1
43,392.0,4,110.0,1,208.0,2,0
76,1411.0,15,170.0,3,-1.0,0,1
25,173.0,15,186.0,2,-1.0,0,0
32,3027.0,5,171.0,2,-1.0,0,0
41,-22.0,4,166.0,2,-1.0,0,0
63,1849.0,1,109.0,2,-1.0,0,0
33,315.0,4,146.0,3,-1.0,0,1
35,3837.0,8,1084.0,1,-1.0,0,1
68,445.0,18,475.0,1,-1.0,0,1
29,5.0,15,889.0,5,-1.0,0,1
29,297.0,17,240.0,2,-1.0,0,0
49,130.0,30,139.0,2,-1.0,0,0
27,2489.0,15,323.0,2,163.0,2,1
37,1543.0,16,138.0,2,-1.0,0,1
79,8304.0,9,303.0,9,-1.0,0,1
28,0.0,28,294.0,2,105.0,7,1
30,305.0,30,633.0,1,85.0,2,1
59,363.0,30,400.0,1,-1.0,0,1
42,314.0,30,234.0,1,-1.0,0,1
48,1800.0,18,103.0,1,-1.0,0,0
59,122.0,15,129.0,1,-1.0,0,0
63,641.0,27,417.0,2,-1.0,0,1
53,6.0,27,233.0,2,-1.0,0,0
39,-176.0,9,176.0,1,-1.0,0,0
58,29.0,6,253.0,1,-1.0,0,0
25,963.0,17,28.0,1,-1.0,0,0
63,2896.0,1,304.0,1,119.0,2,1
37,0.0,3,144.0,2,463.0,6,0
84,81204.0,1,390.0,1,94.0,3,1
29,874.0,15,68.0,5,-1.0,0,0
56,146.0,5,419.0,3,-1.0,0,1
27,337.0,9,23.0,1,-1.0,0,1
35,0.0,29,171.0,1,-1.0,0,1
50,3764.0,9,214.0,2,99.0,4,1
42,603.0,5,298.0,5,-1.0,0,0
39,1425.0,12,775.0,3,-1.0,0,1
30,0.0,4,730.0,2,-1.0,0,1
62,1381.0,19,1020.0,1,-1.0,0,0
35,415.0,4,462.0,1,92.0,4,1
49,4751.0,12,884.0,4,-1.0,0,1
62,10373.0,17,140.0,3,97.0,3,0
59,2343.0,5,1042.0,1,-1.0,0,1
30,1221.0,25,279.0,4,-1.0,0,1
30,3473.0,12,1209.0,2,-1.0,0,1
46,219.0,21,729.0,1,-1.0,0,1
76,0.0,19,170.0,1,-1.0,0,0
40,-9.0,15,920.0,2,-1.0,0,1
32,819.0,20,114.0,2,-1.0,0,1
32,312.0,26,208.0,2,98.0,2,1
34,305.0,16,1245.0,25,-1.0,0,0
31,6980.0,12,157.0,2,-1.0,0,0
35,273.0,20,28.0,4,-1.0,0,0
41,515.0,5,837.0,2,-1.0,0,1
37,74.0,7,150.0,1,-1.0,0,0
37,240.0,5,1123.0,1,-1.0,0,1
30,4060.0,3,179.0,1,93.0,1,1
40,27.0,20,467.0,2,-1.0,0,1
25,219.0,30,458.0,1,-1.0,0,1
37,4436.0,13,846.0,5,-1.0,0,1
37,274.0,27,731.0,3,-1.0,0,1
45,113.0,13,165.0,2,-1.0,0,0
43,3288.0,21,775.0,3,-1.0,0,1
51,1216.0,25,421.0,1,-1.0,0,0
34,859.0,28,829.0,1,-1.0,0,1
58,279.0,8,327.0,5,-1.0,0,0
51,234.0,9,281.0,3,-1.0,0,0
34,899.0,12,114.0,1,170.0,3,1
36,900.0,6,499.0,4,-1.0,0,0
55,625.0,20,88.0,2,147.0,4,0
52,386.0,20,438.0,1,-1.0,0,1
30,3300.0,21,1571.0,1,-1.0,0,1
38,0.0,7,196.0,2,-1.0,0,0
22,-51.0,15,859.0,1,-1.0,0,1
33,300.0,30,922.0,5,-1.0,0,1
25,2483.0,10,1499.0,3,-1.0,0,1
27,955.0,23,206.0,1,-1.0,0,1
39,224.0,5,208.0,1,-1.0,0,1
31,1657.0,28,872.0,1,-1.0,0,1
27,80.0,27,188.0,2,-1.0,0,0
37,775.0,25,1000.0,1,-1.0,0,1
62,7458.0,30,212.0,2,-1.0,0,1
58,169.0,16,301.0,1,94.0,3,1
54,990.0,3,244.0,2,-1.0,0,1
25,61.0,9,345.0,9,-1.0,0,0
21,2488.0,30,258.0,6,169.0,3,1
55,141.0,28,154.0,5,-1.0,0,0
60,5267.0,4,520.0,1,-1.0,0,1
58,11494.0,4,220.0,7,-1.0,0,0
50,4108.0,7,526.0,2,-1.0,0,1
57,53.0,29,539.0,2,-1.0,0,0
34,6013.0,18,612.0,1,-1.0,0,1
32,696.0,2,815.0,1,-1.0,0,1
66,1230.0,16,288.0,6,181.0,3,1
50,1811.0,8,97.0,4,-1.0,0,0
77,2590.0,13,212.0,3,277.0,12,1
39,11887.0,18,1181.0,2,-1.0,0,1
47,2749.0,30,774.0,2,164.0,1,1
34,0.0,25,52.0,3,-1.0,0,0
39,1222.0,23,451.0,4,-1.0,0,0
30,583.0,18,453.0,2,-1.0,0,0
40,874.0,14,75.0,1,-1.0,0,0
36,1313.0,20,8.0,10,-1.0,0,0
53,-725.0,27,1205.0,1,-1.0,0,1
31,1868.0,9,213.0,2,-1.0,0,0
30,-135.0,18,57.0,1,-1.0,0,0
30,863.0,16,1193.0,5,-1.0,0,1
36,62.0,13,398.0,2,-1.0,0,1
26,581.0,4,444.0,3,-1.0,0,0
38,207.0,19,76.0,2,-1.0,0,0
25,4280.0,8,148.0,2,-1.0,0,0
44,2367.0,22,263.0,1,184.0,6,1
71,653.0,26,367.0,1,-1.0,0,1
59,0.0,10,982.0,1,-1.0,0,1
45,10252.0,22,173.0,1,141.0,2,1
25,1868.0,26,259.0,1,103.0,2,1
49,5058.0,12,255.0,2,357.0,4,0
77,397.0,7,300.0,3,-1.0,0,1
46,475.0,23,158.0,2,-1.0,0,0
40,552.0,28,761.0,8,-1.0,0,0
84,4761.0,9,1405.0,1,92.0,3,1
42,681.0,18,203.0,1,-1.0,0,0
57,9367.0,11,981.0,1,90.0,6,1
57,126.0,4,166.0,2,-1.0,0,1
42,323.0,8,280.0,2,-1.0,0,0
47,834.0,21,902.0,1,133.0,2,1
32,1855.0,15,126.0,2,134.0,1,1
54,2102.0,5,547.0,1,626.0,2,1
50,341.0,20,670.0,4,340.0,2,1
33,224.0,23,342.0,2,107.0,2,1
81,1154.0,17,231.0,1,-1.0,0,1
45,1214.0,28,118.0,2,-1.0,0,0
45,-33.0,28,198.0,3,-1.0,0,0
48,3229.0,16,1089.0,1,-1.0,0,1
53,0.0,31,36.0,4,-1.0,0,0
60,182.0,9,182.0,2,95.0,11,0
46,294.0,17,228.0,1,-1.0,0,0
42,2772.0,2,244.0,1,-1.0,0,0
29,102.0,12,154.0,1,182.0,5,0
49,889.0,7,388.0,1,-1.0,0,1
33,1862.0,12,65.0,1,-1.0,0,0
35,431.0,17,343.0,2,397.0,1,1
34,355.0,20,51.0,3,-1.0,0,0
66,154.0,15,268.0,5,181.0,2,1
58,2946.0,14,467.0,1,-1.0,0,1
40,7968.0,2,596.0,1,-1.0,0,1
21,216.0,5,414.0,1,-1.0,0,1
52,1228.0,4,218.0,1,-1.0,0,1
55,1446.0,17,135.0,1,-1.0,0,0
54,117.0,3,165.0,3,-1.0,0,0
31,406.0,4,736.0,1,-1.0,0,1
36,-400.0,6,362.0,2,307.0,1,0
30,3286.0,9,743.0,1,-1.0,0,1
34,1.0,28,535.0,2,-1.0,0,1
37,2084.0,21,137.0,2,-1.0,0,0
49,5887.0,4,439.0,3,185.0,5,1
29,727.0,17,87.0,1,-1.0,0,0
43,30.0,30,379.0,17,-1.0,0,0
60,61.0,23,197.0,2,-1.0,0,0
37,5355.0,17,466.0,4,-1.0,0,1
36,3850.0,12,239.0,2,100.0,4,1
35,611.0,1,305.0,2,121.0,1,1
46,1437.0,12,49.0,1,-1.0,0,0
36,63.0,16,322.0,2,-1.0,0,0
54,3076.0,27,367.0,2,-1.0,0,1
56,12.0,20,282.0,2,135.0,1,0
44,20179.0,21,163.0,1,-1.0,0,0
33,1021.0,2,734.0,1,-1.0,0,0
34,365.0,9,85.0,2,-1.0,0,0
47,3940.0,5,226.0,3,97.0,2,1
46,349.0,15,295.0,2,616.0,1,1
41,372.0,11,117.0,1,-1.0,0,0
58,2270.0,20,24.0,4,-1.0,0,0
46,377.0,5,98.0,2,-1.0,0,0
29,3317.0,4,640.0,7,-1.0,0,1
45,474.0,2,190.0,4,264.0,4,0
41,7968.0,2,404.0,1,184.0,4,1
35,-640.0,5,78.0,6,-1.0,0,0
21,215.0,24,382.0,1,89.0,7,1
92,775.0,22,313.0,3,-1.0,0,1
51,872.0,8,82.0,2,-1.0,0,0
55,2038.0,9,394.0,1,-1.0,0,1
50,0.0,4,86.0,4,-1.0,0,0
35,-225.0,23,183.0,1,-1.0,0,0
33,498.0,12,338.0,2,104.0,1,1
43,2643.0,4,331.0,5,-1.0,0,1
32,1297.0,15,250.0,1,-1.0,0,0
31,2603.0,11,280.0,4,-1.0,0,1
67,1430.0,11,499.0,2,91.0,3,1
44,1059.0,18,2093.0,1,-1.0,0,1
40,0.0,11,473.0,1,-1.0,0,0
43,14144.0,21,504.0,1,-1.0,0,1
32,302.0,23,61.0,1,384.0,2,1
26,97.0,27,382.0,1,-1.0,0,0
56,249.0,29,791.0,2,-1.0,0,1
36,330.0,13,777.0,2,-1.0,0,0
29,-271.0,4,578.0,1,-1.0,0,1
41,803.0,9,592.0,4,316.0,3,1
34,1161.0,21,192.0,1,-1.0,0,0
38,27.0,3,404.0,4,-1.0,0,0
32,1167.0,16,668.0,3,147.0,1,0
33,152.0,25,202.0,2,365.0,2,1
33,2302.0,13,115.0,2,-1.0,0,0
60,2389.0,4,287.0,1,-1.0,0,0
51,0.0,31,574.0,2,-1.0,0,1
26,132.0,1,194.0,1,119.0,1,1
59,1.0,29,210.0,1,-1.0,0,1
41,965.0,22,336.0,10,-1.0,0,1
25,122.0,7,481.0,2,-1.0,0,1
40,251.0,30,153.0,6,-1.0,0,0
45,1293.0,20,164.0,1,-1.0,0,0
38,2543.0,10,223.0,1,414.0,4,1
43,348.0,15,88.0,3,-1.0,0,0
36,478.0,13,610.0,1,-1.0,0,1
31,0.0,29,157.0,2,-1.0,0,0
34,129.0,16,295.0,1,200.0,2,1
30,432.0,2,402.0,1,-1.0,0,1
56,1390.0,18,543.0,1,-1.0,0,1
30,1772.0,13,158.0,4,-1.0,0,0
50,37.0,5,307.0,4,-1.0,0,0
36,473.0,22,72.0,2,-1.0,0,0
31,28.0,8,101.0,1,-1.0,0,0
26,19.0,30,268.0,1,-1.0,0,0
42,360.0,24,110.0,5,-1.0,0,0
40,7441.0,31,1461.0,6,-1.0,0,1
26,12.0,14,563.0,1,181.0,10,1
28,1363.0,27,79.0,1,-1.0,0,1
35,470.0,25,743.0,13,-1.0,0,1
34,827.0,6,254.0,1,267.0,4,0
31,2016.0,30,209.0,1,-1.0,0,1
43,1648.0,17,80.0,1,-1.0,0,0
40,2338.0,16,717.0,2,-1.0,0,1
46,0.0,30,200.0,1,259.0,2,1
37,-196.0,7,207.0,1,-1.0,0,0
25,1747.0,24,903.0,1,-1.0,0,1
39,156.0,17,76.0,2,-1.0,0,0
49,5887.0,2,181.0,3,293.0,2,1
31,0.0,28,664.0,8,-1.0,0,1
34,251.0,24,15.0,3,-1.0,0,0
45,2.0,4,413.0,1,-1.0,0,0
32,46.0,14,485.0,2,-1.0,0,1
53,1794.0,17,557.0,1,-1.0,0,0
49,6493.0,17,180.0,1,-1.0,0,0
57,375.0,21,135.0,1,-1.0,0,1
28,913.0,27,580.0,2,-1.0,0,0
40,341.0,31,1142.0,5,-1.0,0,1
36,3158.0,3,144.0,2,-1.0,0,1
71,5584.0,21,534.0,3,-1.0,0,1
55,309.0,20,167.0,1,181.0,3,1
69,426.0,10,211.0,2,185.0,2,1
21,8278.0,29,445.0,1,-1.0,0,1
35,719.0,18,1359.0,3,368.0,3,1
28,60.0,6,161.0,1,337.0,1,0
60,10861.0,9,98.0,1,91.0,2,1
37,5447.0,17,1789.0,1,-1.0,0,1
44,121.0,10,412.0,1,-1.0,0,1
61,50.0,21,465.0,6,-1.0,0,0
32,360.0,19,164.0,2,-1.0,0,0
32,3387.0,15,1111.0,5,-1.0,0,1
57,887.0,20,43.0,8,-1.0,0,0
48,1405.0,14,629.0,2,-1.0,0,1
39,0.0,16,289.0,1,-1.0,0,0
35,297.0,29,251.0,3,265.0,4,0
59,2239.0,20,377.0,6,90.0,1,1
45,205.0,4,180.0,1,92.0,3,1
33,386.0,12,317.0,1,181.0,5,1
45,2353.0,5,182.0,1,107.0,2,1
65,1973.0,21,396.0,3,-1.0,0,1
36,16430.0,19,234.0,1,166.0,3,0
33,484.0,16,205.0,3,182.0,9,1
40,193.0,18,105.0,6,-1.0,0,0
32,550.0,19,337.0,1,-1.0,0,1
39,1108.0,21,204.0,1,-1.0,0,1
43,1630.0,29,153.0,3,-1.0,0,0
31,40.0,4,158.0,1,104.0,2,0
23,4.0,8,763.0,1,-1.0,0,1
33,303.0,3,355.0,1,301.0,5,1
47,780.0,20,447.0,2,-1.0,0,0
57,2887.0,11,123.0,1,-1.0,0,0
52,5275.0,22,1029.0,3,-1.0,0,0
49,229.0,8,219.0,2,-1.0,0,0
29,36252.0,30,501.0,1,-1.0,0,1
58,1166.0,12,493.0,1,-1.0,0,0
40,407.0,2,200.0,1,271.0,1,0
33,3655.0,19,183.0,20,-1.0,0,0
36,1352.0,19,2028.0,1,-1.0,0,1
25,895.0,3,167.0,1,-1.0,0,0
36,539.0,11,176.0,1,-1.0,0,0
49,85.0,14,590.0,5,359.0,1,1
34,69.0,3,263.0,3,251.0,3,1
52,2104.0,3,210.0,2,-1.0,0,1
29,64.0,14,444.0,2,366.0,3,0
28,4987.0,9,253.0,21,-1.0,0,1
49,-701.0,30,988.0,2,-1.0,0,1
52,0.0,20,166.0,1,-1.0,0,0
39,261.0,4,841.0,4,-1.0,0,1
46,70.0,27,229.0,2,-1.0,0,1
25,2.0,25,102.0,2,-1.0,0,0
32,2667.0,12,971.0,2,-1.0,0,1
44,0.0,19,319.0,1,-1.0,0,0
57,-37.0,5,173.0,1,-1.0,0,0
52,0.0,4,74.0,1,-1.0,0,0
46,6253.0,9,411.0,1,-1.0,0,0
25,2311.0,21,1105.0,2,-1.0,0,1
30,-94.0,14,41.0,2,-1.0,0,0
28,1287.0,26,65.0,1,-1.0,0,1
37,43.0,17,36.0,2,-1.0,0,0
33,55.0,30,526.0,2,87.0,3,1
36,531.0,17,187.0,2,-1.0,0,0
34,1464.0,28,207.0,3,130.0,5,1
58,853.0,7,317.0,3,-1.0,0,0
26,906.0,2,109.0,1,160.0,1,0
24,656.0,16,894.0,1,-1.0,0,1
52,31.0,10,135.0,1,-1.0,0,1
32,644.0,21,198.0,1,-1.0,0,0
36,7506.0,6,839.0,2,188.0,1,1
37,3068.0,20,370.0,2,195.0,1,1
35,2658.0,19,768.0,2,141.0,3,1
51,805.0,13,270.0,2,-1.0,0,0
43,5564.0,20,45.0,5,154.0,2,0
57,249.0,5,164.0,1,-1.0,0,0
54,10.0,18,195.0,4,-1.0,0,0
45,7895.0,4,872.0,1,-1.0,0,1
30,-298.0,10,174.0,1,-1.0,0,0
48,479.0,18,533.0,3,-1.0,0,0
31,1410.0,21,42.0,1,-1.0,0,0
33,256.0,21,151.0,2,-1.0,0,0
29,938.0,3,358.0,1,-1.0,0,1
31,18.0,8,82.0,2,-1.0,0,0
48,3287.0,20,242.0,2,307.0,1,0
28,59.0,3,330.0,3,190.0,6,0
23,897.0,8,190.0,2,280.0,8,1
49,1743.0,18,68.0,1,-1.0,0,0
35,394.0,23,154.0,1,-1.0,0,0
61,3371.0,28,299.0,2,-1.0,0,1
38,4539.0,16,387.0,1,-1.0,0,1
45,4170.0,20,114.0,3,-1.0,0,0
57,3043.0,14,707.0,2,-1.0,0,1
44,5102.0,23,205.0,1,-1.0,0,0
30,12569.0,18,87.0,1,-1.0,0,0
37,260.0,17,446.0,2,-1.0,0,0
48,362.0,13,529.0,1,-1.0,0,1
42,4216.0,12,186.0,2,-1.0,0,1
30,5561.0,27,195.0,1,100.0,1,1
33,5.0,17,1007.0,2,-1.0,0,1
62,3114.0,18,243.0,2,186.0,1,1
27,2329.0,27,131.0,1,-1.0,0,1
65,308.0,1,400.0,1,-1.0,0,1
30,3384.0,4,578.0,2,-1.0,0,1
31,509.0,23,183.0,1,-1.0,0,0
28,-511.0,2,82.0,1,-1.0,0,0
51,0.0,8,124.0,2,-1.0,0,1
34,1076.0,5,136.0,10,-1.0,0,1
28,69.0,30,532.0,2,-1.0,0,1
55,538.0,7,353.0,2,-1.0,0,1
36,4844.0,9,1137.0,3,-1.0,0,1
58,760.0,29,85.0,7,-1.0,0,0
29,560.0,5,459.0,1,307.0,1,1
49,-14.0,18,115.0,2,-1.0,0,0
58,3948.0,13,76.0,1,-1.0,0,0
31,410.0,20,112.0,2,-1.0,0,0
75,1341.0,18,415.0,7,-1.0,0,1
82,1419.0,26,139.0,1,-1.0,0,0
40,11.0,5,83.0,3,-1.0,0,0
33,1076.0,11,131.0,1,96.0,5,1
66,0.0,6,751.0,1,-1.0,0,1
53,1252.0,26,149.0,1,-1.0,0,0
66,3701.0,3,834.0,1,-1.0,0,1
31,449.0,28,174.0,1,-1.0,0,0
46,1085.0,15,523.0,2,353.0,58,1
58,119.0,12,985.0,1,-1.0,0,1
27,833.0,25,359.0,5,-1.0,0,0
39,1179.0,25,284.0,1,-1.0,0,1
47,124.0,29,14.0,15,-1.0,0,0
73,448.0,24,136.0,1,-1.0,0,1
40,642.0,18,147.0,3,-1.0,0,0
74,1413.0,25,385.0,2,-1.0,0,1
52,363.0,21,168.0,1,462.0,1,1
29,502.0,8,968.0,1,87.0,5,1
44,641.0,15,257.0,1,-1.0,0,0
41,795.0,2,147.0,1,-1.0,0,0
55,6205.0,6,233.0,2,-1.0,0,0
39,447.0,19,968.0,1,-1.0,0,0
59,11.0,20,318.0,2,-1.0,0,0
45,594.0,29,833.0,2,-1.0,0,1
38,0.0,17,547.0,2,-1.0,0,1
63,1612.0,17,233.0,2,-1.0,0,1
31,0.0,16,1056.0,2,-1.0,0,0
39,5853.0,21,210.0,2,-1.0,0,0
53,185.0,8,1448.0,2,-1.0,0,1
45,3354.0,29,746.0,1,-1.0,0,1
46,1106.0,9,14.0,13,-1.0,0,0
32,1644.0,7,492.0,3,102.0,5,1
28,-284.0,12,162.0,1,-1.0,0,0
41,431.0,22,133.0,1,107.0,2,1
35,2187.0,29,229.0,1,174.0,13,0
73,542.0,26,355.0,1,180.0,5,1
36,81.0,22,560.0,1,-1.0,0,1
39,158.0,6,354.0,2,-1.0,0,0
36,322.0,22,485.0,1,-1.0,0,0
48,5326.0,17,116.0,2,-1.0,0,0
54,0.0,16,101.0,6,-1.0,0,0
74,1765.0,11,290.0,2,-1.0,0,1
33,920.0,30,344.0,1,-1.0,0,1
36,1766.0,11,595.0,2,-1.0,0,1
60,851.0,18,112.0,2,-1.0,0,0
35,107.0,6,142.0,3,-1.0,0,0
55,1261.0,19,166.0,1,-1.0,0,0
33,1536.0,9,262.0,1,94.0,2,1
31,37.0,12,281.0,1,-1.0,0,0
31,2.0,12,703.0,4,-1.0,0,1
43,2113.0,29,33.0,2,-1.0,0,0
31,5191.0,20,187.0,2,-1.0,0,0
56,-1206.0,15,382.0,2,-1.0,0,1
47,182.0,10,39.0,1,-1.0,0,1
37,1.0,6,44.0,2,-1.0,0,0
26,814.0,28,1387.0,1,-1.0,0,1
27,2071.0,4,449.0,1,-1.0,0,1
49,1830.0,13,261.0,1,179.0,1,1
33,2780.0,19,485.0,1,-1.0,0,1
58,5810.0,12,139.0,1,-1.0,0,1
37,455.0,13,904.0,6,-1.0,0,1
80,8304.0,9,712.0,1,64.0,12,1
32,10281.0,22,400.0,1,-1.0,0,1
50,4.0,11,67.0,1,-1.0,0,0
58,499.0,29,181.0,1,-1.0,0,0
73,2308.0,30,163.0,2,-1.0,0,1
34,0.0,21,123.0,2,-1.0,0,0
21,2077.0,5,323.0,1,-1.0,0,1
57,8403.0,20,11.0,11,-1.0,0,0
46,0.0,5,109.0,1,-1.0,0,0
38,104.0,6,606.0,3,-1.0,0,1
28,118.0,15,376.0,3,368.0,1,0
28,0.0,14,17.0,24,-1.0,0,0
29,2904.0,27,33.0,1,-1.0,0,0
26,515.0,31,775.0,1,-1.0,0,1
52,-519.0,9,442.0,8,-1.0,0,1
25,490.0,6,246.0,3,-1.0,0,0
33,2411.0,23,130.0,1,161.0,1,1
43,95.0,18,296.0,1,-1.0,0,0
52,2709.0,9,48.0,7,-1.0,0,0
29,719.0,30,76.0,1,-1.0,0,0
47,231.0,8,88.0,2,-1.0,0,0
49,7443.0,19,293.0,5,211.0,2,1
43,2367.0,22,83.0,1,113.0,3,1
35,24.0,26,243.0,2,-1.0,0,0
55,139.0,22,256.0,2,-1.0,0,0
53,-1455.0,23,169.0,2,-1.0,0,0
34,-200.0,25,248.0,5,-1.0,0,0
31,757.0,3,343.0,2,-1.0,0,0
27,3733.0,13,299.0,6,-1.0,0,1
52,1308.0,29,361.0,1,-1.0,0,0
59,2443.0,20,8.0,8,-1.0,0,0
42,1261.0,10,272.0,1,-1.0,0,0
63,91.0,26,128.0,3,-1.0,0,1
36,3221.0,4,322.0,11,-1.0,0,1
46,1723.0,17,176.0,2,52.0,7,1
30,2544.0,8,108.0,2,-1.0,0,1
67,704.0,8,186.0,2,97.0,1,1
60,12980.0,5,115.0,1,-1.0,0,1
45,766.0,25,59.0,15,-1.0,0,0
31,203.0,19,177.0,1,-1.0,0,0
37,3574.0,19,178.0,1,170.0,2,0
51,-153.0,20,62.0,4,-1.0,0,0
29,3528.0,8,137.0,1,-1.0,0,1
46,3984.0,13,77.0,2,-1.0,0,0
36,9.0,7,473.0,2,-1.0,0,0
35,0.0,2,184.0,1,-1.0,0,0
50,4855.0,5,720.0,2,-1.0,0,1
27,-27.0,23,498.0,2,-1.0,0,1
27,451.0,16,652.0,1,-1.0,0,1
38,1711.0,20,379.0,3,202.0,1,1
55,92.0,7,118.0,3,-1.0,0,0
50,636.0,6,127.0,2,254.0,23,0
34,0.0,10,97.0,1,85.0,1,1
49,145.0,29,57.0,2,248.0,38,0
28,-123.0,23,690.0,1,-1.0,0,1
48,40.0,12,300.0,3,-1.0,0,0
56,1693.0,26,238.0,4,442.0,4,1
59,0.0,5,493.0,2,-1.0,0,1
54,6427.0,19,53.0,1,-1.0,0,0
36,629.0,29,109.0,1,246.0,1,0
58,2764.0,17,235.0,1,-1.0,0,0
40,264.0,14,222.0,2,-1.0,0,0
28,159.0,16,449.0,2,33.0,4,1
37,0.0,29,147.0,4,-1.0,0,0
25,2816.0,30,327.0,1,-1.0,0,1
45,-257.0,16,448.0,2,-1.0,0,0
38,70.0,27,255.0,3,148.0,1,1
41,1141.0,27,228.0,1,-1.0,0,0
42,43.0,14,735.0,8,-1.0,0,0
45,-63.0,20,847.0,5,-1.0,0,0
40,121.0,22,80.0,1,-1.0,0,0
37,0.0,3,426.0,1,-1.0,0,1
58,5505.0,23,317.0,4,-1.0,0,0
56,0.0,3,996.0,1,-1.0,0,1
40,8379.0,12,52.0,6,-1.0,0,0
59,116.0,11,268.0,1,183.0,7,1
29,1311.0,28,622.0,1,-1.0,0,1
42,-350.0,30,149.0,1,-1.0,0,0
49,377.0,22,158.0,1,59.0,2,0
32,3083.0,22,271.0,2,-1.0,0,0
26,1326.0,9,70.0,1,-1.0,0,0
60,262.0,18,393.0,4,-1.0,0,0
58,99.0,22,396.0,2,-1.0,0,1
42,527.0,22,181.0,1,185.0,1,1
38,70.0,27,164.0,4,92.0,4,1
41,427.0,14,177.0,2,-1.0,0,0
39,3.0,6,488.0,1,-1.0,0,1
34,520.0,12,1307.0,4,-1.0,0,1
29,0.0,20,204.0,3,-1.0,0,0
20,829.0,9,253.0,2,-1.0,0,1
28,751.0,22,598.0,5,-1.0,0,1
30,297.0,8,188.0,1,-1.0,0,1
59,10925.0,21,100.0,1,-1.0,0,1
48,649.0,19,136.0,2,-1.0,0,0
54,1895.0,17,345.0,1,-1.0,0,0
60,-14.0,20,121.0,3,-1.0,0,0
48,292.0,30,271.0,1,79.0,1,1
31,682.0,26,473.0,5,-1.0,0,0
36,4143.0,16,78.0,5,-1.0,0,0
58,3735.0,17,91.0,2,-1.0,0,0
43,1927.0,20,149.0,1,152.0,1,0
54,551.0,28,431.0,2,-1.0,0,0
45,2067.0,13,393.0,2,462.0,1,1
34,0.0,18,431.0,6,-1.0,0,0
40,113.0,4,126.0,1,-1.0,0,0
55,17.0,19,129.0,4,-1.0,0,0
57,5768.0,19,512.0,1,-1.0,0,1
45,71.0,26,138.0,2,-1.0,0,0
46,4343.0,20,185.0,1,-1.0,0,1
25,483.0,3,189.0,1,-1.0,0,1
33,-204.0,15,297.0,3,-1.0,0,0
40,79.0,15,570.0,1,135.0,1,1
71,0.0,26,771.0,1,171.0,1,1
34,783.0,8,281.0,1,-1.0,0,0
49,1403.0,3,124.0,2,180.0,2,0
34,29.0,15,285.0,5,-1.0,0,1
32,1.0,10,143.0,1,-1.0,0,0
40,0.0,28,496.0,2,182.0,11,1
29,908.0,20,1663.0,1,-1.0,0,1
43,481.0,20,196.0,2,-1.0,0,0
35,331.0,17,116.0,3,-1.0,0,0
53,453.0,17,148.0,2,-1.0,0,0
49,24.0,11,701.0,1,362.0,1,1
45,2040.0,2,803.0,1,-1.0,0,1
39,0.0,13,1006.0,2,-1.0,0,1
60,7929.0,1,111.0,1,-1.0,0,1
35,406.0,11,126.0,12,-1.0,0,0
49,1946.0,16,486.0,1,-1.0,0,1
59,351.0,27,1063.0,5,-1.0,0,1
35,102.0,20,1334.0,1,-1.0,0,1
32,56.0,2,275.0,1,258.0,1,0
33,3669.0,17,370.0,1,-1.0,0,0
48,50.0,21,419.0,1,-1.0,0,1
59,679.0,30,761.0,4,-1.0,0,1
25,3730.0,27,353.0,1,-1.0,0,1
29,2178.0,22,260.0,2,139.0,1,1
56,855.0,5,140.0,2,-1.0,0,0
44,2523.0,29,1236.0,2,-1.0,0,0
70,275.0,15,82.0,1,-1.0,0,1
42,151.0,5,227.0,3,-1.0,0,0
30,655.0,23,272.0,4,184.0,1,1
33,-416.0,16,767.0,2,-1.0,0,1
31,120.0,8,1000.0,1,-1.0,0,1
52,199.0,12,246.0,2,-1.0,0,0
58,7554.0,9,167.0,1,469.0,1,0
41,5037.0,23,252.0,9,185.0,5,1
27,377.0,19,645.0,2,-1.0,0,1
46,974.0,5,174.0,2,80.0,1,1
75,6027.0,16,1248.0,2,94.0,2,1
25,109.0,16,306.0,1,-1.0,0,0
28,0.0,3,210.0,1,-1.0,0,0
42,981.0,17,276.0,1,-1.0,0,0
54,-939.0,29,202.0,1,-1.0,0,0
40,700.0,21,88.0,6,-1.0,0,0
42,2959.0,2,711.0,1,342.0,1,1
42,1289.0,15,250.0,4,415.0,2,1
45,891.0,7,118.0,1,-1.0,0,1
68,2144.0,22,277.0,1,184.0,2,1
69,4572.0,27,185.0,2,92.0,3,0
42,279.0,23,673.0,1,-1.0,0,0
47,675.0,7,152.0,2,-1.0,0,0
36,-742.0,31,110.0,3,-1.0,0,0
40,-186.0,11,154.0,2,-1.0,0,0
47,1693.0,22,608.0,2,92.0,4,1
66,1948.0,28,216.0,1,91.0,4,1
44,1138.0,27,523.0,3,-1.0,0,1
41,30.0,23,1003.0,1,-1.0,0,0
34,187.0,12,379.0,2,-1.0,0,0
77,1780.0,23,221.0,2,183.0,3,1
32,944.0,13,231.0,2,362.0,1,0
56,186.0,2,108.0,4,-1.0,0,0
50,2284.0,31,1088.0,17,-1.0,0,1
54,446.0,3,133.0,4,102.0,4,0
44,0.0,28,264.0,5,-1.0,0,0
58,65.0,27,162.0,1,-1.0,0,0
41,542.0,11,64.0,2,347.0,1,0
60,0.0,22,1193.0,1,412.0,1,1
43,1707.0,6,369.0,3,504.0,5,1
36,812.0,2,138.0,2,-1.0,0,0
37,8828.0,12,1010.0,3,-1.0,0,1
29,4050.0,28,166.0,1,-1.0,0,0
37,6889.0,21,1221.0,1,-1.0,0,0
33,1021.0,3,361.0,3,-1.0,0,0
56,9367.0,4,617.0,2,-1.0,0,1
52,-104.0,10,124.0,1,-1.0,0,0
28,-504.0,14,578.0,1,-1.0,0,1
24,1.0,14,396.0,5,-1.0,0,1
35,1176.0,21,166.0,2,-1.0,0,0
46,699.0,30,970.0,1,87.0,1,1
46,640.0,6,246.0,1,55.0,5,1
36,2012.0,10,188.0,7,-1.0,0,0
47,600.0,19,290.0,15,-1.0,0,1
27,379.0,7,269.0,2,-1.0,0,0
34,50.0,2,173.0,1,258.0,2,0
35,-428.0,10,147.0,1,-1.0,0,0
23,145.0,4,1519.0,1,-1.0,0,0
27,317.0,15,1286.0,1,-1.0,0,0
47,1730.0,30,231.0,1,-1.0,0,1
55,22.0,8,215.0,1,-1.0,0,0
52,279.0,14,197.0,3,-1.0,0,0
34,3773.0,21,287.0,1,-1.0,0,0
42,2913.0,3,705.0,1,195.0,1,1
67,1443.0,8,245.0,1,-1.0,0,1
34,1011.0,1,253.0,1,-1.0,0,1
41,5110.0,13,231.0,1,-1.0,0,0
26,523.0,29,216.0,1,-1.0,0,0
57,256.0,5,304.0,2,91.0,1,1
48,2351.0,15,150.0,1,105.0,3,1
37,3913.0,27,124.0,1,-1.0,0,1
32,636.0,28,370.0,1,116.0,4,1
52,2488.0,13,176.0,2,-1.0,0,0
26,710.0,6,1276.0,2,-1.0,0,1
57,1509.0,18,509.0,1,-1.0,0,0
30,3405.0,29,276.0,2,-1.0,0,0
45,1723.0,1,166.0,2,-1.0,0,1
27,948.0,12,121.0,2,207.0,1,0
33,239.0,21,127.0,1,-1.0,0,0
34,4659.0,30,28.0,1,-1.0,0,0
29,213.0,6,2653.0,3,-1.0,0,1
48,0.0,15,964.0,2,-1.0,0,0
33,572.0,30,1296.0,2,-1.0,0,0
24,3298.0,28,227.0,1,-1.0,0,0
59,1047.0,21,438.0,1,184.0,3,1
32,409.0,9,217.0,2,-1.0,0,1
35,80.0,2,579.0,2,-1.0,0,0
55,16873.0,1,78.0,2,-1.0,0,0
54,0.0,12,77.0,4,341.0,2,0
47,3480.0,16,443.0,1,-1.0,0,1
42,-556.0,8,682.0,3,347.0,3,1
25,304.0,26,226.0,2,-1.0,0,1
48,74.0,6,315.0,1,-1.0,0,0
36,78.0,30,2692.0,9,-1.0,0,1
52,2227.0,24,242.0,2,-1.0,0,1
50,810.0,15,91.0,1,103.0,3,1
59,163.0,24,464.0,1,-1.0,0,0
59,957.0,8,301.0,1,89.0,2,1
31,6281.0,22,257.0,1,128.0,3,1
38,4366.0,29,188.0,2,-1.0,0,0
30,12857.0,6,150.0,1,-1.0,0,1
42,193.0,17,171.0,1,-1.0,0,0
51,196.0,17,88.0,1,-1.0,0,1
59,106.0,22,186.0,1,-1.0,0,1
47,15.0,12,181.0,4,-1.0,0,0
62,180.0,14,183.0,1,90.0,4,1
18,348.0,5,443.0,4,-1.0,0,1
27,1977.0,22,449.0,1,-1.0,0,1
56,0.0,29,83.0,2,-1.0,0,0
41,8491.0,18,929.0,1,-1.0,0,1
36,699.0,23,125.0,1,-1.0,0,0
31,397.0,13,134.0,1,350.0,7,0
49,0.0,1,1460.0,1,-1.0,0,1
53,10541.0,9,164.0,2,92.0,1,1
27,126.0,4,436.0,4,-1.0,0,0
23,531.0,15,509.0,3,345.0,9,0
52,7900.0,20,90.0,2,-1.0,0,0
78,229.0,22,97.0,1,-1.0,0,1
51,3962.0,2,267.0,1,-1.0,0,0
46,3547.0,20,395.0,6,-1.0,0,0
45,1441.0,18,93.0,1,113.0,2,0
36,148.0,15,1357.0,4,374.0,2,1
36,490.0,22,72.0,1,-1.0,0,0
50,2641.0,30,97.0,3,-1.0,0,0
57,3754.0,5,1063.0,2,-1.0,0,1
52,51.0,14,935.0,2,-1.0,0,0
45,7.0,20,691.0,1,-1.0,0,1
39,11766.0,4,15.0,4,166.0,1,0
55,0.0,12,614.0,2,-1.0,0,1
80,155.0,4,209.0,1,53.0,3,1
33,0.0,21,102.0,2,-1.0,0,0
45,523.0,1,380.0,4,371.0,4,0
49,254.0,13,179.0,1,-1.0,0,0
32,81.0,17,120.0,1,-1.0,0,0
60,872.0,28,37.0,5,-1.0,0,0
41,5291.0,14,1423.0,3,-1.0,0,1
33,-38.0,18,184.0,1,-1.0,0,0
56,23.0,20,857.0,3,-1.0,0,1
55,3917.0,18,565.0,1,-1.0,0,1
55,-157.0,6,354.0,5,-1.0,0,0
49,2146.0,7,1516.0,2,353.0,2,1
28,1240.0,4,849.0,1,-1.0,0,1
50,74.0,27,146.0,1,-1.0,0,0
46,107.0,8,109.0,6,-1.0,0,0
31,2744.0,8,309.0,2,-1.0,0,0
35,1177.0,8,243.0,4,-1.0,0,1
35,3636.0,21,808.0,2,-1.0,0,1
46,1483.0,14,174.0,3,-1.0,0,0
44,146.0,15,483.0,1,-1.0,0,1
53,0.0,21,266.0,6,-1.0,0,0
26,1438.0,27,321.0,1,449.0,1,1
58,5087.0,20,63.0,2,154.0,1,0
30,5359.0,26,427.0,1,191.0,3,1
29,307.0,2,690.0,1,-1.0,0,1
42,319.0,8,17.0,9,-1.0,0,0
30,953.0,2,747.0,2,-1.0,0,1
37,4089.0,2,289.0,2,174.0,4,1
26,1720.0,3,383.0,1,-1.0,0,0
36,480.0,20,213.0,1,-1.0,0,1
44,292.0,17,1153.0,4,-1.0,0,1
33,60.0,14,74.0,1,290.0,2,0
32,396.0,18,88.0,1,364.0,1,0
72,438.0,23,279.0,1,-1.0,0,1
46,2551.0,12,645.0,2,-1.0,0,1
44,13.0,6,116.0,11,-1.0,0,0
37,-22.0,15,317.0,1,-1.0,0,1
38,67.0,28,74.0,1,239.0,2,0
27,1117.0,7,416.0,4,-1.0,0,0
46,874.0,6,996.0,1,-1.0,0,1
35,295.0,17,473.0,1,-1.0,0,1
32,489.0,20,212.0,1,-1.0,0,0
30,1309.0,28,622.0,1,-1.0,0,1
52,-99.0,26,91.0,3,-1.0,0,0
28,387.0,20,205.0,1,82.0,1,1
41,30.0,30,460.0,1,-1.0,0,1
45,144.0,13,299.0,4,-1.0,0,0
32,3829.0,20,267.0,1,-1.0,0,0
39,11835.0,11,744.0,2,-1.0,0,1
34,0.0,7,262.0,1,99.0,2,1
37,0.0,15,280.0,6,-1.0,0,0
58,3399.0,30,1628.0,2,188.0,8,1
31,259.0,19,287.0,1,-1.0,0,0
45,406.0,7,314.0,1,-1.0,0,1
35,495.0,30,266.0,1,87.0,1,1
66,587.0,12,457.0,2,392.0,2,1
33,1636.0,4,592.0,1,66.0,1,1
46,14481.0,30,1269.0,1,-1.0,0,1
75,3810.0,16,262.0,1,183.0,1,1
77,7802.0,4,421.0,1,92.0,2,1
26,-46.0,20,382.0,7,-1.0,0,1
31,-449.0,18,197.0,1,355.0,2,0
51,-28.0,2,220.0,2,-1.0,0,0
28,805.0,16,331.0,1,-1.0,0,1
43,0.0,23,183.0,2,184.0,13,1
25,348.0,10,245.0,1,-1.0,0,1
27,4661.0,8,114.0,1,-1.0,0,1
28,874.0,5,509.0,1,-1.0,0,1
20,292.0,5,385.0,2,93.0,1,1
41,5310.0,17,984.0,1,-1.0,0,1
57,1404.0,18,119.0,7,-1.0,0,0
30,419.0,4,194.0,1,-1.0,0,1
34,178.0,15,14.0,2,-1.0,0,0
35,40.0,9,617.0,4,-1.0,0,1
28,261.0,29,254.0,3,142.0,6,1
39,385.0,13,242.0,1,48.0,2,1
36,145.0,18,450.0,2,304.0,2,0
27,140.0,25,361.0,1,-1.0,0,0
33,213.0,21,152.0,2,-1.0,0,0
30,-228.0,15,101.0,1,371.0,1,0
30,392.0,6,124.0,1,167.0,3,0
30,93.0,6,146.0,4,-1.0,0,0
26,1702.0,18,21.0,1,-1.0,0,0
26,3825.0,13,107.0,1,-1.0,0,0
51,3025.0,7,476.0,1,352.0,1,1
62,569.0,4,288.0,1,1.0,8,1
63,1795.0,7,219.0,1,-1.0,0,1
32,55.0,18,185.0,1,-1.0,0,0
43,584.0,20,27.0,1,-1.0,0,0
36,2880.0,12,283.0,1,-1.0,0,0
33,66.0,5,157.0,2,-1.0,0,1
70,2795.0,8,301.0,2,-1.0,0,1
48,0.0,29,1249.0,3,-1.0,0,1
58,5278.0,4,763.0,4,-1.0,0,0
56,177.0,8,1040.0,1,-1.0,0,0
25,285.0,3,658.0,3,-1.0,0,1
31,165.0,15,218.0,4,-1.0,0,0
72,1129.0,25,208.0,1,91.0,1,1
59,797.0,18,319.0,2,165.0,2,0
39,117.0,18,1032.0,2,-1.0,0,1
56,145.0,6,124.0,2,9.0,2,0
61,52587.0,10,290.0,1,-1.0,0,1
31,684.0,7,620.0,3,-1.0,0,1
31,4198.0,25,234.0,1,-1.0,0,1
38,8.0,7,125.0,1,-1.0,0,0
54,752.0,29,211.0,5,491.0,4,1
34,640.0,29,636.0,2,-1.0,0,1
30,387.0,8,75.0,1,-1.0,0,0
30,32.0,6,122.0,3,-1.0,0,0
47,1694.0,20,560.0,3,-1.0,0,1
44,-368.0,5,895.0,1,-1.0,0,1
49,1093.0,12,243.0,2,91.0,2,1
52,409.0,15,73.0,7,-1.0,0,0
58,26.0,12,600.0,4,-1.0,0,0
55,3485.0,18,625.0,4,-1.0,0,1
73,253.0,20,345.0,1,-1.0,0,1
36,319.0,13,774.0,2,301.0,1,1
37,72.0,20,885.0,5,150.0,7,1
30,1924.0,6,170.0,1,-1.0,0,0
50,1595.0,9,882.0,1,-1.0,0,1
47,643.0,20,18.0,6,-1.0,0,0
45,2552.0,1,69.0,1,293.0,7,1
49,1430.0,18,231.0,2,-1.0,0,0
39,581.0,27,233.0,1,270.0,1,1
43,733.0,21,126.0,1,88.0,4,1
41,650.0,20,2420.0,3,-1.0,0,1
36,199.0,9,183.0,1,-1.0,0,0
40,1322.0,8,26.0,1,-1.0,0,0
38,-475.0,10,234.0,1,-1.0,0,0
30,436.0,17,1720.0,1,-1.0,0,1
48,5366.0,21,248.0,3,-1.0,0,0
50,10757.0,6,276.0,3,-1.0,0,0
36,2278.0,23,152.0,2,-1.0,0,0
40,66.0,13,737.0,4,-1.0,0,1
59,1634.0,5,836.0,1,-1.0,0,1
67,361.0,13,411.0,2,-1.0,0,1
31,1222.0,20,186.0,3,-1.0,0,0
28,324.0,5,175.0,1,-1.0,0,0
31,307.0,8,361.0,1,229.0,2,1
44,879.0,31,28.0,1,-1.0,0,0
37,449.0,29,59.0,4,-1.0,0,0
35,2518.0,9,400.0,1,-1.0,0,0
33,1536.0,9,359.0,1,92.0,3,1
54,0.0,30,766.0,3,84.0,3,1
32,311.0,12,757.0,2,-1.0,0,1
37,0.0,21,146.0,4,-1.0,0,1
32,252.0,8,145.0,2,-1.0,0,0
49,0.0,6,445.0,2,166.0,3,1
34,18.0,27,114.0,1,180.0,1,0
31,12857.0,4,483.0,4,87.0,2,1
31,538.0,17,660.0,3,-1.0,0,0
45,-642.0,5,124.0,4,-1.0,0,0
58,1464.0,5,53.0,29,-1.0,0,0
29,103.0,9,502.0,5,-1.0,0,0
24,6837.0,7,345.0,1,-1.0,0,0
45,3150.0,17,101.0,2,-1.0,0,0
26,243.0,26,482.0,1,-1.0,0,1
51,895.0,23,638.0,2,-1.0,0,1
38,465.0,16,180.0,1,302.0,3,1
45,4.0,20,709.0,9,-1.0,0,0
44,538.0,31,196.0,2,-1.0,0,0
33,6138.0,20,369.0,1,-1.0,0,0
43,2271.0,10,524.0,1,-1.0,0,1
30,799.0,13,674.0,1,-1.0,0,1
48,266.0,17,198.0,2,343.0,1,0
47,0.0,10,213.0,1,190.0,1,1
33,3868.0,2,445.0,1,-1.0,0,0
34,2159.0,18,386.0,1,-1.0,0,1
41,791.0,5,215.0,1,80.0,1,0
35,837.0,4,329.0,1,-1.0,0,0
27,411.0,27,123.0,1,-1.0,0,0
53,392.0,26,95.0,6,-1.0,0,0
36,7503.0,4,25.0,1,-1.0,0,0
55,1164.0,18,242.0,1,-1.0,0,0
46,2466.0,1,216.0,3,370.0,1,1
26,5.0,11,251.0,1,304.0,2,0
32,131.0,21,322.0,1,189.0,1,1
43,2640.0,21,314.0,4,-1.0,0,1
30,3528.0,4,250.0,1,92.0,2,1
53,1852.0,29,134.0,4,-1.0,0,0
42,1205.0,8,376.0,2,-1.0,0,1
51,297.0,15,415.0,4,375.0,1,1
78,3417.0,12,309.0,1,181.0,1,1
52,-184.0,6,392.0,2,-1.0,0,0
44,3959.0,21,187.0,1,-1.0,0,0
37,33.0,12,186.0,1,-1.0,0,1
59,1521.0,14,1125.0,2,-1.0,0,1
83,425.0,22,773.0,1,92.0,2,1
26,551.0,8,531.0,1,-1.0,0,1
43,0.0,14,1153.0,3,-1.0,0,1
33,263.0,21,206.0,3,-1.0,0,0
38,536.0,22,234.0,1,92.0,1,1
53,1624.0,6,107.0,1,98.0,6,1
