n_features,batch_size,n_records,run,version,fit_time,peak_memory_mb,accuracy,balanced_accuracy,f1_score,f1_micro,f1_macro,f1_weighted,precision_score,precision_micro,precision_macro,precision_weighted,recall_score,recall_micro,recall_macro,recall_weighted,roc_macro,roc_micro,roc_weighted,average_precision_macro,average_precision_micro,average_precision_weighted,n_leaf,n_nodes,resulting_max_depth
2,20,10000,1,MatrixV1,0.82017,935.47848,0.90767,0.90743,0.91027,0.90767,0.90759,0.90763,0.89891,0.90767,0.90805,0.90790,0.92192,0.90767,0.90743,0.90767,0.93572,0.93572,0.93572,0.91970,0.91970,0.91970,4,3,3
2,20,10000,1,MatrixV2,0.61755,841.64589,0.90800,0.90776,0.91062,0.90800,0.90792,0.90796,0.89898,0.90800,0.90840,0.90825,0.92257,0.90800,0.90776,0.90800,0.93606,0.93606,0.93606,0.92001,0.92001,0.92001,4,3,3
2,20,10000,2,MatrixV1,0.83307,935.41666,0.93033,0.93012,0.93225,0.93033,0.93028,0.93031,0.92061,0.93033,0.93075,0.93060,0.94419,0.93033,0.93012,0.93033,0.96638,0.96638,0.96638,0.95490,0.95490,0.95490,4,3,3
2,20,10000,2,MatrixV2,0.61768,841.64033,0.93033,0.93012,0.93225,0.93033,0.93028,0.93031,0.92061,0.93033,0.93075,0.93060,0.94419,0.93033,0.93012,0.93033,0.96641,0.96641,0.96641,0.95495,0.95495,0.95495,4,3,3
2,20,10000,3,MatrixV1,0.81354,935.41666,0.92067,0.92070,0.92396,0.92067,0.92052,0.92052,0.88657,0.92067,0.92393,0.92395,0.96464,0.92067,0.92070,0.92067,0.94555,0.94555,0.94555,0.90984,0.90984,0.90984,4,3,3
2,20,10000,3,MatrixV2,0.62185,841.76054,0.92067,0.92070,0.92396,0.92067,0.92052,0.92052,0.88657,0.92067,0.92393,0.92395,0.96464,0.92067,0.92070,0.92067,0.94555,0.94555,0.94555,0.90984,0.90984,0.90984,4,3,3
4,20,10000,1,MatrixV1,1.59341,1870.76519,0.89767,0.89660,0.88889,0.89767,0.89702,0.89716,0.95342,0.89767,0.90457,0.90376,0.83254,0.89767,0.89660,0.89767,0.94234,0.94234,0.94234,0.91882,0.91882,0.91882,4,3,3
4,20,10000,1,MatrixV2,1.09709,1683.12153,0.89767,0.89660,0.88889,0.89767,0.89702,0.89716,0.95342,0.89767,0.90457,0.90376,0.83254,0.89767,0.89660,0.89767,0.94234,0.94234,0.94234,0.91882,0.91882,0.91882,4,3,3
4,20,10000,2,MatrixV1,1.57257,1870.76519,0.80633,0.80616,0.79959,0.80633,0.80611,0.80615,0.82315,0.80633,0.80731,0.80721,0.77733,0.80633,0.80616,0.80633,0.83572,0.83572,0.83572,0.77950,0.77950,0.77950,4,3,3
4,20,10000,2,MatrixV2,1.18134,1683.12153,0.80667,0.80650,0.80000,0.80667,0.80645,0.80649,0.82328,0.80667,0.80762,0.80752,0.77800,0.80667,0.80650,0.80667,0.83615,0.83615,0.83615,0.77994,0.77994,0.77994,4,3,3
4,20,10000,3,MatrixV1,1.50643,1870.76519,0.86633,0.86621,0.87018,0.86633,0.86622,0.86623,0.84956,0.86633,0.86730,0.86722,0.89184,0.86633,0.86621,0.86633,0.87560,0.87560,0.87560,0.82767,0.82767,0.82767,4,3,3
4,20,10000,3,MatrixV2,1.10324,1683.12153,0.86667,0.86656,0.87013,0.86667,0.86657,0.86659,0.85188,0.86667,0.86742,0.86735,0.88918,0.86667,0.86656,0.86667,0.87688,0.87688,0.87688,0.82983,0.82983,0.82983,4,3,3
8,20,10000,1,MatrixV1,2.79926,3742.26348,0.78167,0.78246,0.77122,0.78167,0.78121,0.78107,0.82265,0.78167,0.78557,0.78609,0.72584,0.78167,0.78246,0.78167,0.85994,0.85994,0.85994,0.84080,0.84080,0.84080,4,3,3
8,20,10000,1,MatrixV2,1.78199,3366.32463,0.78167,0.78246,0.77122,0.78167,0.78121,0.78107,0.82265,0.78167,0.78557,0.78609,0.72584,0.78167,0.78246,0.78167,0.85994,0.85994,0.85994,0.84080,0.84080,0.84080,4,3,3
8,20,10000,2,MatrixV1,2.98833,3742.26348,0.76533,0.76532,0.76328,0.76533,0.76532,0.76532,0.76793,0.76533,0.76537,0.76536,0.75869,0.76533,0.76532,0.76533,0.78250,0.78250,0.78250,0.73023,0.73023,0.73023,4,3,3
8,20,10000,2,MatrixV2,1.93727,3366.32468,0.76567,0.76565,0.76370,0.76567,0.76565,0.76566,0.76809,0.76567,0.76570,0.76569,0.75936,0.76567,0.76565,0.76567,0.78288,0.78288,0.78288,0.73061,0.73061,0.73061,4,3,3
8,20,10000,3,MatrixV1,2.92157,3742.26348,0.72300,0.72078,0.66958,0.72300,0.71557,0.71624,0.81196,0.72300,0.74398,0.74298,0.56969,0.72300,0.72078,0.72300,0.79712,0.79712,0.79712,0.73182,0.73182,0.73182,4,3,3
8,20,10000,3,MatrixV2,1.91407,3366.32468,0.72333,0.72111,0.66985,0.72333,0.71588,0.71655,0.81274,0.72333,0.74446,0.74345,0.56969,0.72333,0.72111,0.72333,0.79716,0.79716,0.79716,0.73193,0.73193,0.73193,4,3,3
16,20,10000,1,MatrixV1,5.87562,7488.46443,0.72567,0.72837,0.67457,0.72567,0.71873,0.71803,0.84876,0.72567,0.75621,0.75769,0.55971,0.72567,0.72837,0.72567,0.78168,0.78168,0.78168,0.74345,0.74345,0.74345,4,3,3
16,20,10000,1,MatrixV2,3.84764,6732.06949,0.72567,0.72837,0.67457,0.72567,0.71873,0.71803,0.84876,0.72567,0.75621,0.75769,0.55971,0.72567,0.72837,0.72567,0.78168,0.78168,0.78168,0.74345,0.74345,0.74345,4,3,3
16,20,10000,2,MatrixV1,6.13960,7488.46443,0.73133,0.73221,0.75472,0.73133,0.72887,0.72865,0.68927,0.73133,0.74180,0.74226,0.83389,0.73133,0.73221,0.73133,0.79490,0.79490,0.79490,0.76618,0.76618,0.76618,4,3,3
16,20,10000,2,MatrixV2,3.78703,6732.30991,0.73300,0.73387,0.75587,0.73300,0.73064,0.73042,0.69119,0.73300,0.74319,0.74364,0.83389,0.73300,0.73387,0.73300,0.79619,0.79619,0.79619,0.76728,0.76728,0.76728,4,3,3
16,20,10000,3,MatrixV1,6.05709,7488.46443,0.76300,0.76308,0.77677,0.76300,0.76210,0.76208,0.73325,0.76300,0.76724,0.76728,0.82577,0.76300,0.76308,0.76300,0.81125,0.81125,0.81125,0.75642,0.75642,0.75642,4,3,3
16,20,10000,3,MatrixV2,3.72107,6732.43013,0.76267,0.76275,0.77638,0.76267,0.76177,0.76175,0.73310,0.76267,0.76685,0.76690,0.82510,0.76267,0.76275,0.76267,0.81081,0.81081,0.81081,0.75606,0.75606,0.75606,4,3,3
32,20,10000,1,MatrixV1,11.26878,9371.81928,0.67967,0.68257,0.65764,0.67967,0.67834,0.67765,0.73429,0.67967,0.68728,0.68885,0.59548,0.67967,0.68257,0.67967,0.71334,0.71334,0.71334,0.68440,0.68440,0.68440,4,3,3
32,20,10000,1,MatrixV2,8.20818,8415.41301,0.66700,0.67180,0.62087,0.66700,0.66200,0.66063,0.75392,0.66700,0.68584,0.68811,0.52774,0.66700,0.67180,0.66700,0.71742,0.71742,0.71742,0.69488,0.69488,0.69488,4,3,3
32,20,10000,2,MatrixV1,11.76309,9371.81928,0.70267,0.70194,0.68481,0.70267,0.70171,0.70198,0.71566,0.70267,0.70382,0.70363,0.65650,0.70267,0.70194,0.70267,0.73622,0.73622,0.73622,0.68442,0.68442,0.68442,4,3,3
32,20,10000,2,MatrixV2,8.61666,8415.53327,0.70267,0.70194,0.68481,0.70267,0.70171,0.70198,0.71566,0.70267,0.70382,0.70363,0.65650,0.70267,0.70194,0.70267,0.73622,0.73622,0.73622,0.68442,0.68442,0.68442,4,3,3
32,20,10000,3,MatrixV1,12.01822,9371.81923,0.66133,0.66157,0.66949,0.66133,0.66113,0.66106,0.64880,0.66133,0.66210,0.66220,0.69153,0.66133,0.66157,0.66133,0.70119,0.70119,0.70119,0.66582,0.66582,0.66582,4,3,3
32,20,10000,3,MatrixV2,8.46745,8415.53322,0.66067,0.66090,0.66862,0.66067,0.66047,0.66041,0.64836,0.66067,0.66140,0.66150,0.69019,0.66067,0.66090,0.66067,0.70067,0.70067,0.70067,0.66555,0.66555,0.66555,4,3,3
64,20,10000,1,MatrixV1,24.81618,9398.09692,0.65300,0.65156,0.61798,0.65300,0.65006,0.65064,0.67252,0.65300,0.65577,0.65547,0.57162,0.65300,0.65156,0.65300,0.68527,0.68527,0.68527,0.64619,0.64619,0.64619,4,3,3
64,20,10000,1,MatrixV2,17.73629,8418.11285,0.65333,0.65192,0.61905,0.65333,0.65050,0.65107,0.67224,0.65333,0.65597,0.65568,0.57366,0.65333,0.65192,0.65333,0.68587,0.68587,0.68587,0.64650,0.64650,0.64650,4,3,3
64,20,10000,2,MatrixV1,25.54404,9398.09737,0.60167,0.60313,0.47611,0.60167,0.57739,0.57678,0.70337,0.60167,0.63490,0.63531,0.35984,0.60167,0.60313,0.60167,0.65004,0.65004,0.65004,0.60912,0.60912,0.60912,4,3,3
64,20,10000,2,MatrixV2,16.89816,8418.05193,0.59933,0.60087,0.46435,0.59933,0.57216,0.57152,0.70884,0.59933,0.63632,0.63676,0.34526,0.59933,0.60087,0.59933,0.64819,0.64819,0.64819,0.60870,0.60870,0.60870,4,3,3
64,20,10000,3,MatrixV1,26.43000,9398.09698,0.63133,0.62877,0.69532,0.63133,0.61433,0.61535,0.59782,0.63133,0.65437,0.65365,0.83081,0.63133,0.62877,0.63133,0.68393,0.68393,0.68393,0.66067,0.66067,0.66067,4,3,3
64,20,10000,3,MatrixV2,17.60868,8417.99188,0.63133,0.62877,0.69532,0.63133,0.61433,0.61535,0.59782,0.63133,0.65437,0.65365,0.83081,0.63133,0.62877,0.63133,0.68393,0.68393,0.68393,0.66067,0.66067,0.66067,4,3,3
128,20,10000,1,MatrixV1,51.28268,9444.24244,0.58467,0.58351,0.53680,0.58467,0.58018,0.58070,0.59768,0.58467,0.58679,0.58666,0.48718,0.58467,0.58351,0.58467,0.61130,0.61130,0.61130,0.56520,0.56520,0.56520,4,3,3
128,20,10000,1,MatrixV2,39.47039,8419.76378,0.58467,0.58351,0.53680,0.58467,0.58018,0.58070,0.59768,0.58467,0.58679,0.58666,0.48718,0.58467,0.58351,0.58467,0.61130,0.61130,0.61130,0.56520,0.56520,0.56520,4,3,3
128,20,10000,2,MatrixV1,51.62399,9444.24264,0.57833,0.57712,0.63534,0.57833,0.56777,0.56831,0.56311,0.57833,0.58500,0.58483,0.72884,0.57833,0.57712,0.57833,0.60923,0.60923,0.60923,0.57752,0.57752,0.57752,4,3,3
128,20,10000,2,MatrixV2,39.69862,8419.76361,0.57700,0.57575,0.63566,0.57700,0.56574,0.56630,0.56164,0.57700,0.58403,0.58385,0.73214,0.57700,0.57575,0.57700,0.60738,0.60738,0.60738,0.57555,0.57555,0.57555,4,3,3
128,20,10000,3,MatrixV1,50.66052,9444.24244,0.60000,0.60023,0.61563,0.60000,0.59934,0.59925,0.58957,0.60000,0.60099,0.60105,0.64410,0.60000,0.60023,0.60000,0.63127,0.63127,0.63127,0.59177,0.59177,0.59177,4,3,3
128,20,10000,3,MatrixV2,39.66334,8419.88393,0.60000,0.60023,0.61514,0.60000,0.59938,0.59930,0.58979,0.60000,0.60094,0.60100,0.64276,0.60000,0.60023,0.60000,0.63113,0.63113,0.63113,0.59173,0.59173,0.59173,4,3,3
256,20,10000,1,MatrixV1,133.36363,9536.53301,0.54067,0.53850,0.60242,0.54067,0.52931,0.53038,0.53704,0.54067,0.54219,0.54212,0.68594,0.54067,0.53850,0.54067,0.56426,0.56426,0.56426,0.54741,0.54741,0.54741,4,3,3
256,20,10000,1,MatrixV2,78.01349,8423.36758,0.54000,0.53798,0.59837,0.54000,0.53007,0.53108,0.53710,0.54000,0.54111,0.54105,0.67543,0.54000,0.53798,0.54000,0.56379,0.56379,0.56379,0.54707,0.54707,0.54707,4,3,3
256,20,10000,2,MatrixV1,127.73683,9536.53306,0.55200,0.55168,0.53751,0.55200,0.55156,0.55175,0.54769,0.55200,0.55180,0.55185,0.52770,0.55200,0.55168,0.55200,0.57841,0.57841,0.57841,0.55053,0.55053,0.55053,4,3,3
256,20,10000,2,MatrixV2,77.36079,8423.30748,0.55267,0.55241,0.54041,0.55267,0.55235,0.55251,0.54792,0.55267,0.55248,0.55254,0.53311,0.55267,0.55241,0.55267,0.57886,0.57886,0.57886,0.55077,0.55077,0.55077,4,3,3
256,20,10000,3,MatrixV1,129.82547,9536.53318,0.54633,0.55034,0.46396,0.54633,0.53536,0.53365,0.58724,0.54633,0.55651,0.55725,0.38346,0.54633,0.55034,0.54633,0.58414,0.58414,0.58414,0.56919,0.56919,0.56919,4,3,3
256,20,10000,3,MatrixV2,77.48726,8423.24737,0.54633,0.55034,0.46396,0.54633,0.53536,0.53365,0.58724,0.54633,0.55651,0.55725,0.38346,0.54633,0.55034,0.54633,0.58403,0.58403,0.58403,0.56898,0.56898,0.56898,4,3,3
512,20,10000,1,MatrixV1,410.96381,9721.12834,0.57067,0.56776,0.51101,0.57067,0.56418,0.56563,0.57277,0.57067,0.57104,0.57099,0.46127,0.57067,0.56776,0.57067,0.59310,0.59310,0.59310,0.54353,0.54353,0.54353,4,3,3
512,20,10000,1,MatrixV2,220.44361,8430.22854,0.58367,0.58729,0.62705,0.58367,0.57795,0.57661,0.55556,0.58367,0.59354,0.59458,0.71967,0.58367,0.58729,0.58367,0.59133,0.59133,0.59133,0.54231,0.54231,0.54231,4,3,3
512,20,10000,2,MatrixV1,412.54982,9721.12834,0.54467,0.54558,0.60383,0.54467,0.53428,0.53386,0.53194,0.54467,0.55024,0.55035,0.69819,0.54467,0.54558,0.54467,0.56769,0.56769,0.56769,0.54350,0.54350,0.54350,4,3,3
512,20,10000,2,MatrixV2,211.94315,8430.28867,0.54467,0.54559,0.60452,0.54467,0.53399,0.53357,0.53184,0.54467,0.55039,0.55051,0.70020,0.54467,0.54559,0.54467,0.56781,0.56781,0.56781,0.54352,0.54352,0.54352,4,3,3
512,20,10000,3,MatrixV1,395.01762,9721.12834,0.57233,0.57213,0.56227,0.57233,0.57211,0.57224,0.56788,0.57233,0.57219,0.57225,0.55676,0.57233,0.57213,0.57233,0.58397,0.58397,0.58397,0.54739,0.54739,0.54739,4,3,3
512,20,10000,3,MatrixV2,208.50728,8430.28803,0.57233,0.57213,0.56227,0.57233,0.57211,0.57224,0.56788,0.57233,0.57219,0.57225,0.55676,0.57233,0.57213,0.57233,0.58397,0.58397,0.58397,0.54739,0.54739,0.54739,4,3,3
